month,level_1,value
1978-01,Export Price Index - Overall Items,139.89
1978-01,Non-oil Export Price Index,206.7
1978-02,Export Price Index - Overall Items,139.89
1978-02,Non-oil Export Price Index,206.884
1978-03,Export Price Index - Overall Items,139.499
1978-03,Non-oil Export Price Index,206.335
1978-04,Export Price Index - Overall Items,139.759
1978-04,Non-oil Export Price Index,206.7
1978-05,Export Price Index - Overall Items,139.89
1978-05,Non-oil Export Price Index,206.7
1978-06,Export Price Index - Overall Items,141.198
1978-06,Non-oil Export Price Index,209.266
1978-07,Export Price Index - Overall Items,140.544
1978-07,Non-oil Export Price Index,209.082
1978-08,Export Price Index - Overall Items,141.066
1978-08,Non-oil Export Price Index,210
1978-09,Export Price Index - Overall Items,141.72
1978-09,Non-oil Export Price Index,211.831
1978-10,Export Price Index - Overall Items,141.591
1978-10,Non-oil Export Price Index,213.114
1978-11,Export Price Index - Overall Items,141.982
1978-11,Non-oil Export Price Index,214.213
1978-12,Export Price Index - Overall Items,142.243
1978-12,Non-oil Export Price Index,214.581
1979-01,Export Price Index - Overall Items,145.12
1979-01,Non-oil Export Price Index,217.146
1979-02,Export Price Index - Overall Items,148.257
1979-02,Non-oil Export Price Index,220.628
1979-03,Export Price Index - Overall Items,149.564
1979-03,Non-oil Export Price Index,220.993
1979-04,Export Price Index - Overall Items,156.755
1979-04,Non-oil Export Price Index,225.575
1979-05,Export Price Index - Overall Items,158.978
1979-05,Non-oil Export Price Index,228.142
1979-06,Export Price Index - Overall Items,164.338
1979-06,Non-oil Export Price Index,229.057
1979-07,Export Price Index - Overall Items,171.268
1979-07,Non-oil Export Price Index,229.423
1979-08,Export Price Index - Overall Items,170.483
1979-08,Non-oil Export Price Index,228.507
1979-09,Export Price Index - Overall Items,172.836
1979-09,Non-oil Export Price Index,228.691
1979-10,Export Price Index - Overall Items,175.452
1979-10,Non-oil Export Price Index,228.874
1979-11,Export Price Index - Overall Items,177.674
1979-11,Non-oil Export Price Index,231.072
1979-12,Export Price Index - Overall Items,183.688
1979-12,Non-oil Export Price Index,231.988
1980-01,Export Price Index - Overall Items,195.976
1980-01,Non-oil Export Price Index,241.152
1980-02,Export Price Index - Overall Items,200.946
1980-02,Non-oil Export Price Index,244.817
1980-03,Export Price Index - Overall Items,204.083
1980-03,Non-oil Export Price Index,242.8
1980-04,Export Price Index - Overall Items,202.907
1980-04,Non-oil Export Price Index,242.8
1980-05,Export Price Index - Overall Items,201.991
1980-05,Non-oil Export Price Index,240.052
1980-06,Export Price Index - Overall Items,201.075
1980-06,Non-oil Export Price Index,238.402
1980-07,Export Price Index - Overall Items,203.822
1980-07,Non-oil Export Price Index,237.67
1980-08,Export Price Index - Overall Items,204.344
1980-08,Non-oil Export Price Index,238.035
1980-09,Export Price Index - Overall Items,203.952
1980-09,Non-oil Export Price Index,238.586
1980-10,Export Price Index - Overall Items,204.474
1980-10,Non-oil Export Price Index,237.303
1980-11,Export Price Index - Overall Items,205.521
1980-11,Non-oil Export Price Index,236.568
1980-12,Export Price Index - Overall Items,205.782
1980-12,Non-oil Export Price Index,236.753
1981-01,Export Price Index - Overall Items,212.581
1981-01,Non-oil Export Price Index,241.152
1981-02,Export Price Index - Overall Items,212.057
1981-02,Non-oil Export Price Index,240.052
1981-03,Export Price Index - Overall Items,211.796
1981-03,Non-oil Export Price Index,238.402
1981-04,Export Price Index - Overall Items,211.535
1981-04,Non-oil Export Price Index,235.836
1981-05,Export Price Index - Overall Items,213.888
1981-05,Non-oil Export Price Index,238.402
1981-06,Export Price Index - Overall Items,211.796
1981-06,Non-oil Export Price Index,237.12
1981-07,Export Price Index - Overall Items,211.796
1981-07,Non-oil Export Price Index,238.402
1981-08,Export Price Index - Overall Items,211.796
1981-08,Non-oil Export Price Index,237.67
1981-09,Export Price Index - Overall Items,210.228
1981-09,Non-oil Export Price Index,236.388
1981-10,Export Price Index - Overall Items,206.959
1981-10,Non-oil Export Price Index,233.821
1981-11,Export Price Index - Overall Items,205.521
1981-11,Non-oil Export Price Index,232.171
1981-12,Export Price Index - Overall Items,205.129
1981-12,Non-oil Export Price Index,231.439
1982-01,Export Price Index - Overall Items,205.389
1982-01,Non-oil Export Price Index,232.354
1982-02,Export Price Index - Overall Items,206.566
1982-02,Non-oil Export Price Index,232.539
1982-03,Export Price Index - Overall Items,206.698
1982-03,Non-oil Export Price Index,233.271
1982-04,Export Price Index - Overall Items,204.083
1982-04,Non-oil Export Price Index,232.539
1982-05,Export Price Index - Overall Items,201.991
1982-05,Non-oil Export Price Index,231.256
1982-06,Export Price Index - Overall Items,202.514
1982-06,Non-oil Export Price Index,230.34
1982-07,Export Price Index - Overall Items,202.514
1982-07,Non-oil Export Price Index,228.323
1982-08,Export Price Index - Overall Items,203.429
1982-08,Non-oil Export Price Index,228.507
1982-09,Export Price Index - Overall Items,203.168
1982-09,Non-oil Export Price Index,228.323
1982-10,Export Price Index - Overall Items,203.822
1982-10,Non-oil Export Price Index,227.407
1982-11,Export Price Index - Overall Items,204.344
1982-11,Non-oil Export Price Index,226.859
1982-12,Export Price Index - Overall Items,202.907
1982-12,Non-oil Export Price Index,227.407
1983-01,Export Price Index - Overall Items,198.068
1983-01,Non-oil Export Price Index,224.477
1983-02,Export Price Index - Overall Items,198.983
1983-02,Non-oil Export Price Index,227.041
1983-03,Export Price Index - Overall Items,201.991
1983-03,Non-oil Export Price Index,233.454
1983-04,Export Price Index - Overall Items,194.931
1983-04,Non-oil Export Price Index,235.104
1983-05,Export Price Index - Overall Items,194.147
1983-05,Non-oil Export Price Index,234.554
1983-06,Export Price Index - Overall Items,195.846
1983-06,Non-oil Export Price Index,235.47
1983-07,Export Price Index - Overall Items,192.839
1983-07,Non-oil Export Price Index,235.836
1983-08,Export Price Index - Overall Items,191.271
1983-08,Non-oil Export Price Index,235.47
1983-09,Export Price Index - Overall Items,190.617
1983-09,Non-oil Export Price Index,235.288
1983-10,Export Price Index - Overall Items,191.14
1983-10,Non-oil Export Price Index,236.203
1983-11,Export Price Index - Overall Items,190.617
1983-11,Non-oil Export Price Index,235.836
1983-12,Export Price Index - Overall Items,191.008
1983-12,Non-oil Export Price Index,237.12
1984-01,Export Price Index - Overall Items,189.833
1984-01,Non-oil Export Price Index,237.303
1984-02,Export Price Index - Overall Items,190.617
1984-02,Non-oil Export Price Index,239.135
1984-03,Export Price Index - Overall Items,189.179
1984-03,Non-oil Export Price Index,238.035
1984-04,Export Price Index - Overall Items,188.525
1984-04,Non-oil Export Price Index,235.836
1984-05,Export Price Index - Overall Items,188.393
1984-05,Non-oil Export Price Index,233.454
1984-06,Export Price Index - Overall Items,187.741
1984-06,Non-oil Export Price Index,230.889
1984-07,Export Price Index - Overall Items,186.302
1984-07,Non-oil Export Price Index,227.591
1984-08,Export Price Index - Overall Items,185.387
1984-08,Non-oil Export Price Index,227.407
1984-09,Export Price Index - Overall Items,184.865
1984-09,Non-oil Export Price Index,227.591
1984-10,Export Price Index - Overall Items,183.557
1984-10,Non-oil Export Price Index,225.575
1984-11,Export Price Index - Overall Items,183.164
1984-11,Non-oil Export Price Index,224.477
1984-12,Export Price Index - Overall Items,183.295
1984-12,Non-oil Export Price Index,224.293
1985-01,Export Price Index - Overall Items,186.042
1985-01,Non-oil Export Price Index,229.789
1985-02,Export Price Index - Overall Items,187.479
1985-02,Non-oil Export Price Index,231.072
1985-03,Export Price Index - Overall Items,188.393
1985-03,Non-oil Export Price Index,231.622
1985-04,Export Price Index - Overall Items,186.956
1985-04,Non-oil Export Price Index,230.889
1985-05,Export Price Index - Overall Items,186.302
1985-05,Non-oil Export Price Index,229.789
1985-06,Export Price Index - Overall Items,183.688
1985-06,Non-oil Export Price Index,228.691
1985-07,Export Price Index - Overall Items,182.511
1985-07,Non-oil Export Price Index,227.224
1985-08,Export Price Index - Overall Items,182.25
1985-08,Non-oil Export Price Index,226.492
1985-09,Export Price Index - Overall Items,182.118
1985-09,Non-oil Export Price Index,224.477
1985-10,Export Price Index - Overall Items,177.935
1985-10,Non-oil Export Price Index,220.628
1985-11,Export Price Index - Overall Items,178.718
1985-11,Non-oil Export Price Index,222.46
1985-12,Export Price Index - Overall Items,175.452
1985-12,Non-oil Export Price Index,217.146
1986-01,Export Price Index - Overall Items,174.797
1986-01,Non-oil Export Price Index,217.146
1986-02,Export Price Index - Overall Items,170.613
1986-02,Non-oil Export Price Index,219.161
1986-03,Export Price Index - Overall Items,163.03
1986-03,Non-oil Export Price Index,219.893
1986-04,Export Price Index - Overall Items,156.624
1986-04,Non-oil Export Price Index,219.528
1986-05,Export Price Index - Overall Items,154.01
1986-05,Non-oil Export Price Index,220.445
1986-06,Export Price Index - Overall Items,153.095
1986-06,Non-oil Export Price Index,220.993
1986-07,Export Price Index - Overall Items,149.434
1986-07,Non-oil Export Price Index,220.628
1986-08,Export Price Index - Overall Items,147.474
1986-08,Non-oil Export Price Index,219.711
1986-09,Export Price Index - Overall Items,151.788
1986-09,Non-oil Export Price Index,220.811
1986-10,Export Price Index - Overall Items,153.88
1986-10,Non-oil Export Price Index,222.643
1986-11,Export Price Index - Overall Items,156.364
1986-11,Non-oil Export Price Index,225.941
1986-12,Export Price Index - Overall Items,158.063
1986-12,Non-oil Export Price Index,226.859
1987-01,Export Price Index - Overall Items,161.593
1987-01,Non-oil Export Price Index,225.575
1987-02,Export Price Index - Overall Items,160.808
1987-02,Non-oil Export Price Index,221.91
1987-03,Export Price Index - Overall Items,159.501
1987-03,Non-oil Export Price Index,222.095
1987-04,Export Price Index - Overall Items,161.463
1987-04,Non-oil Export Price Index,223.925
1987-05,Export Price Index - Overall Items,162.246
1987-05,Non-oil Export Price Index,225.209
1987-06,Export Price Index - Overall Items,163.162
1987-06,Non-oil Export Price Index,225.209
1987-07,Export Price Index - Overall Items,164.469
1987-07,Non-oil Export Price Index,225.575
1987-08,Export Price Index - Overall Items,166.037
1987-08,Non-oil Export Price Index,226.307
1987-09,Export Price Index - Overall Items,164.469
1987-09,Non-oil Export Price Index,227.041
1987-10,Export Price Index - Overall Items,165.122
1987-10,Non-oil Export Price Index,227.774
1987-11,Export Price Index - Overall Items,164.077
1987-11,Non-oil Export Price Index,227.224
1987-12,Export Price Index - Overall Items,160.286
1987-12,Non-oil Export Price Index,225.025
1988-01,Export Price Index - Overall Items,160.938
1988-01,Non-oil Export Price Index,226.492
1988-02,Export Price Index - Overall Items,160.023
1988-02,Non-oil Export Price Index,226.307
1988-03,Export Price Index - Overall Items,159.239
1988-03,Non-oil Export Price Index,227.041
1988-04,Export Price Index - Overall Items,160.155
1988-04,Non-oil Export Price Index,229.789
1988-05,Export Price Index - Overall Items,162.901
1988-05,Non-oil Export Price Index,230.706
1988-06,Export Price Index - Overall Items,165.515
1988-06,Non-oil Export Price Index,234.554
1988-07,Export Price Index - Overall Items,164.862
1988-07,Non-oil Export Price Index,237.67
1988-08,Export Price Index - Overall Items,162.901
1988-08,Non-oil Export Price Index,237.852
1988-09,Export Price Index - Overall Items,161.985
1988-09,Non-oil Export Price Index,236.568
1988-10,Export Price Index - Overall Items,156.364
1988-10,Non-oil Export Price Index,232.354
1988-11,Export Price Index - Overall Items,154.532
1988-11,Non-oil Export Price Index,229.973
1988-12,Export Price Index - Overall Items,156.624
1988-12,Non-oil Export Price Index,227.774
1989-01,Export Price Index - Overall Items,157.932
1989-01,Non-oil Export Price Index,225.941
1989-02,Export Price Index - Overall Items,158.716
1989-02,Non-oil Export Price Index,225.575
1989-03,Export Price Index - Overall Items,158.456
1989-03,Non-oil Export Price Index,224.659
1989-04,Export Price Index - Overall Items,160.155
1989-04,Non-oil Export Price Index,225.759
1989-05,Export Price Index - Overall Items,161.331
1989-05,Non-oil Export Price Index,225.575
1989-06,Export Price Index - Overall Items,160.155
1989-06,Non-oil Export Price Index,223.742
1989-07,Export Price Index - Overall Items,159.501
1989-07,Non-oil Export Price Index,223.742
1989-08,Export Price Index - Overall Items,158.456
1989-08,Non-oil Export Price Index,221.91
1989-09,Export Price Index - Overall Items,158.716
1989-09,Non-oil Export Price Index,221.91
1989-10,Export Price Index - Overall Items,159.632
1989-10,Non-oil Export Price Index,221.91
1989-11,Export Price Index - Overall Items,161.593
1989-11,Non-oil Export Price Index,223.193
1989-12,Export Price Index - Overall Items,162.377
1989-12,Non-oil Export Price Index,223.559
1990-01,Export Price Index - Overall Items,162.77
1990-01,Non-oil Export Price Index,219.893
1990-02,Export Price Index - Overall Items,159.632
1990-02,Non-oil Export Price Index,218.611
1990-03,Export Price Index - Overall Items,158.194
1990-03,Non-oil Export Price Index,218.611
1990-04,Export Price Index - Overall Items,156.886
1990-04,Non-oil Export Price Index,215.68
1990-05,Export Price Index - Overall Items,155.84
1990-05,Non-oil Export Price Index,215.313
1990-06,Export Price Index - Overall Items,153.748
1990-06,Non-oil Export Price Index,214.03
1990-07,Export Price Index - Overall Items,154.664
1990-07,Non-oil Export Price Index,212.199
1990-08,Export Price Index - Overall Items,160.416
1990-08,Non-oil Export Price Index,211.464
1990-09,Export Price Index - Overall Items,164.469
1990-09,Non-oil Export Price Index,208.9
1990-10,Export Price Index - Overall Items,170.091
1990-10,Non-oil Export Price Index,210.184
1990-11,Export Price Index - Overall Items,166.43
1990-11,Non-oil Export Price Index,209.266
1990-12,Export Price Index - Overall Items,162.508
1990-12,Non-oil Export Price Index,208.35
1991-01,Export Price Index - Overall Items,163.423
1991-01,Non-oil Export Price Index,209.266
1991-02,Export Price Index - Overall Items,161.07
1991-02,Non-oil Export Price Index,207.617
1991-03,Export Price Index - Overall Items,154.532
1991-03,Non-oil Export Price Index,208.35
1991-04,Export Price Index - Overall Items,152.31
1991-04,Non-oil Export Price Index,207.982
1991-05,Export Price Index - Overall Items,151.003
1991-05,Non-oil Export Price Index,207.617
1991-06,Export Price Index - Overall Items,150.48
1991-06,Non-oil Export Price Index,205.6
1991-07,Export Price Index - Overall Items,149.696
1991-07,Non-oil Export Price Index,204.318
1991-08,Export Price Index - Overall Items,149.042
1991-08,Non-oil Export Price Index,203.768
1991-09,Export Price Index - Overall Items,148.388
1991-09,Non-oil Export Price Index,202.853
1991-10,Export Price Index - Overall Items,147.604
1991-10,Non-oil Export Price Index,201.203
1991-11,Export Price Index - Overall Items,147.342
1991-11,Non-oil Export Price Index,200.104
1991-12,Export Price Index - Overall Items,146.034
1991-12,Non-oil Export Price Index,199.92
1992-01,Export Price Index - Overall Items,142.243
1992-01,Non-oil Export Price Index,195.888
1992-02,Export Price Index - Overall Items,141.72
1992-02,Non-oil Export Price Index,195.523
1992-03,Export Price Index - Overall Items,141.72
1992-03,Non-oil Export Price Index,196.439
1992-04,Export Price Index - Overall Items,141.591
1992-04,Non-oil Export Price Index,194.789
1992-05,Export Price Index - Overall Items,141.72
1992-05,Non-oil Export Price Index,193.689
1992-06,Export Price Index - Overall Items,142.243
1992-06,Non-oil Export Price Index,193.141
1992-07,Export Price Index - Overall Items,142.505
1992-07,Non-oil Export Price Index,193.324
1992-08,Export Price Index - Overall Items,141.591
1992-08,Non-oil Export Price Index,192.407
1992-09,Export Price Index - Overall Items,141.066
1992-09,Non-oil Export Price Index,191.859
1992-10,Export Price Index - Overall Items,141.851
1992-10,Non-oil Export Price Index,192.225
1992-11,Export Price Index - Overall Items,142.375
1992-11,Non-oil Export Price Index,193.873
1992-12,Export Price Index - Overall Items,141.851
1992-12,Non-oil Export Price Index,193.689
1993-01,Export Price Index - Overall Items,140.936
1993-01,Non-oil Export Price Index,192.774
1993-02,Export Price Index - Overall Items,140.936
1993-02,Non-oil Export Price Index,192.774
1993-03,Export Price Index - Overall Items,140.544
1993-03,Non-oil Export Price Index,192.407
1993-04,Export Price Index - Overall Items,140.283
1993-04,Non-oil Export Price Index,191.307
1993-05,Export Price Index - Overall Items,140.283
1993-05,Non-oil Export Price Index,190.759
1993-06,Export Price Index - Overall Items,139.759
1993-06,Non-oil Export Price Index,191.124
1993-07,Export Price Index - Overall Items,138.322
1993-07,Non-oil Export Price Index,191.307
1993-08,Export Price Index - Overall Items,137.536
1993-08,Non-oil Export Price Index,190.942
1993-09,Export Price Index - Overall Items,137.014
1993-09,Non-oil Export Price Index,190.575
1993-10,Export Price Index - Overall Items,136.752
1993-10,Non-oil Export Price Index,188.926
1993-11,Export Price Index - Overall Items,136.359
1993-11,Non-oil Export Price Index,189.475
1993-12,Export Price Index - Overall Items,135.314
1993-12,Non-oil Export Price Index,189.292
1994-01,Export Price Index - Overall Items,134.268
1994-01,Non-oil Export Price Index,188.377
1994-02,Export Price Index - Overall Items,133.876
1994-02,Non-oil Export Price Index,188.01
1994-03,Export Price Index - Overall Items,133.093
1994-03,Non-oil Export Price Index,187.459
1994-04,Export Price Index - Overall Items,133.483
1994-04,Non-oil Export Price Index,187.459
1994-05,Export Price Index - Overall Items,132.831
1994-05,Non-oil Export Price Index,185.995
1994-06,Export Price Index - Overall Items,132.046
1994-06,Non-oil Export Price Index,185.811
1994-07,Export Price Index - Overall Items,133.093
1994-07,Non-oil Export Price Index,186.36
1994-08,Export Price Index - Overall Items,133.093
1994-08,Non-oil Export Price Index,185.995
1994-09,Export Price Index - Overall Items,132.7
1994-09,Non-oil Export Price Index,185.811
1994-10,Export Price Index - Overall Items,132.7
1994-10,Non-oil Export Price Index,185.811
1994-11,Export Price Index - Overall Items,132.568
1994-11,Non-oil Export Price Index,185.444
1994-12,Export Price Index - Overall Items,132.7
1994-12,Non-oil Export Price Index,185.995
1995-01,Export Price Index - Overall Items,133.627
1995-01,Non-oil Export Price Index,187.478
1995-02,Export Price Index - Overall Items,132.934
1995-02,Non-oil Export Price Index,186.141
1995-03,Export Price Index - Overall Items,131.784
1995-03,Non-oil Export Price Index,184.803
1995-04,Export Price Index - Overall Items,131.117
1995-04,Non-oil Export Price Index,183.593
1995-05,Export Price Index - Overall Items,130.791
1995-05,Non-oil Export Price Index,182.843
1995-06,Export Price Index - Overall Items,130.621
1995-06,Non-oil Export Price Index,183.007
1995-07,Export Price Index - Overall Items,129.732
1995-07,Non-oil Export Price Index,182.218
1995-08,Export Price Index - Overall Items,129.301
1995-08,Non-oil Export Price Index,182.091
1995-09,Export Price Index - Overall Items,129.902
1995-09,Non-oil Export Price Index,182.843
1995-10,Export Price Index - Overall Items,129.562
1995-10,Non-oil Export Price Index,182.201
1995-11,Export Price Index - Overall Items,129.51
1995-11,Non-oil Export Price Index,181.34
1995-12,Export Price Index - Overall Items,129.968
1995-12,Non-oil Export Price Index,180.386
1996-01,Export Price Index - Overall Items,128.856
1996-01,Non-oil Export Price Index,177.674
1996-02,Export Price Index - Overall Items,127.954
1996-02,Non-oil Export Price Index,176.776
1996-03,Export Price Index - Overall Items,127.025
1996-03,Non-oil Export Price Index,175.347
1996-04,Export Price Index - Overall Items,126.517
1996-04,Non-oil Export Price Index,174.724
1996-05,Export Price Index - Overall Items,125.875
1996-05,Non-oil Export Price Index,173.734
1996-06,Export Price Index - Overall Items,125.091
1996-06,Non-oil Export Price Index,173.185
1996-07,Export Price Index - Overall Items,124.266
1996-07,Non-oil Export Price Index,172.104
1996-08,Export Price Index - Overall Items,123.143
1996-08,Non-oil Export Price Index,169.887
1996-09,Export Price Index - Overall Items,123.626
1996-09,Non-oil Export Price Index,169.32
1996-10,Export Price Index - Overall Items,123.757
1996-10,Non-oil Export Price Index,168.347
1996-11,Export Price Index - Overall Items,121.548
1996-11,Non-oil Export Price Index,164.646
1996-12,Export Price Index - Overall Items,122.044
1996-12,Non-oil Export Price Index,164.17
1997-01,Export Price Index - Overall Items,119.063
1997-01,Non-oil Export Price Index,161.311
1997-02,Export Price Index - Overall Items,118.671
1997-02,Non-oil Export Price Index,162.062
1997-03,Export Price Index - Overall Items,118.893
1997-03,Non-oil Export Price Index,162.503
1997-04,Export Price Index - Overall Items,117.731
1997-04,Non-oil Export Price Index,161.438
1997-05,Export Price Index - Overall Items,116.357
1997-05,Non-oil Export Price Index,159.735
1997-06,Export Price Index - Overall Items,115.508
1997-06,Non-oil Export Price Index,159.203
1997-07,Export Price Index - Overall Items,114.972
1997-07,Non-oil Export Price Index,158.818
1997-08,Export Price Index - Overall Items,116.397
1997-08,Non-oil Export Price Index,160.359
1997-09,Export Price Index - Overall Items,117.286
1997-09,Non-oil Export Price Index,161.201
1997-10,Export Price Index - Overall Items,118.854
1997-10,Non-oil Export Price Index,162.538
1997-11,Export Price Index - Overall Items,120.319
1997-11,Non-oil Export Price Index,164.06
1997-12,Export Price Index - Overall Items,121.103
1997-12,Non-oil Export Price Index,166.734
1998-01,Export Price Index - Overall Items,122.725
1998-01,Non-oil Export Price Index,171.261
1998-02,Export Price Index - Overall Items,120.214
1998-02,Non-oil Export Price Index,168.292
1998-03,Export Price Index - Overall Items,116.37
1998-03,Non-oil Export Price Index,163.803
1998-04,Export Price Index - Overall Items,114.906
1998-04,Non-oil Export Price Index,160.578
1998-05,Export Price Index - Overall Items,115.442
1998-05,Non-oil Export Price Index,161.219
1998-06,Export Price Index - Overall Items,115.991
1998-06,Non-oil Export Price Index,163.198
1998-07,Export Price Index - Overall Items,116.88
1998-07,Non-oil Export Price Index,164.518
1998-08,Export Price Index - Overall Items,117.875
1998-08,Non-oil Export Price Index,166.404
1998-09,Export Price Index - Overall Items,117.469
1998-09,Non-oil Export Price Index,164.92
1998-10,Export Price Index - Overall Items,115.102
1998-10,Non-oil Export Price Index,160.999
1998-11,Export Price Index - Overall Items,113.612
1998-11,Non-oil Export Price Index,159.791
1998-12,Export Price Index - Overall Items,112.984
1998-12,Non-oil Export Price Index,160.138
1999-01,Export Price Index - Overall Items,113.965
1999-01,Non-oil Export Price Index,160.559
1999-02,Export Price Index - Overall Items,114.671
1999-02,Non-oil Export Price Index,161.806
1999-03,Export Price Index - Overall Items,114.998
1999-03,Non-oil Export Price Index,162.264
1999-04,Export Price Index - Overall Items,116.305
1999-04,Non-oil Export Price Index,162.355
1999-05,Export Price Index - Overall Items,116.056
1999-05,Non-oil Export Price Index,160.836
1999-06,Export Price Index - Overall Items,115.887
1999-06,Non-oil Export Price Index,160.633
1999-07,Export Price Index - Overall Items,116.827
1999-07,Non-oil Export Price Index,160.267
1999-08,Export Price Index - Overall Items,118.239
1999-08,Non-oil Export Price Index,160.359
1999-09,Export Price Index - Overall Items,120.489
1999-09,Non-oil Export Price Index,162.264
1999-10,Export Price Index - Overall Items,120.188
1999-10,Non-oil Export Price Index,161.329
1999-11,Export Price Index - Overall Items,120.449
1999-11,Non-oil Export Price Index,160.944
1999-12,Export Price Index - Overall Items,120.697
1999-12,Non-oil Export Price Index,160.541
2000-01,Export Price Index - Overall Items,120.499
2000-01,Non-oil Export Price Index,158.178
2000-02,Export Price Index - Overall Items,122.108
2000-02,Non-oil Export Price Index,159.323
2000-03,Export Price Index - Overall Items,123.472
2000-03,Non-oil Export Price Index,159.904
2000-04,Export Price Index - Overall Items,122.319
2000-04,Non-oil Export Price Index,160.315
2000-05,Export Price Index - Overall Items,123.664
2000-05,Non-oil Export Price Index,161.141
2000-06,Export Price Index - Overall Items,124.094
2000-06,Non-oil Export Price Index,161.21
2000-07,Export Price Index - Overall Items,125.484
2000-07,Non-oil Export Price Index,163.037
2000-08,Export Price Index - Overall Items,125.781
2000-08,Non-oil Export Price Index,162.169
2000-09,Export Price Index - Overall Items,127.325
2000-09,Non-oil Export Price Index,163.193
2000-10,Export Price Index - Overall Items,127.773
2000-10,Non-oil Export Price Index,163.219
2000-11,Export Price Index - Overall Items,124.908
2000-11,Non-oil Export Price Index,160.399
2000-12,Export Price Index - Overall Items,122.325
2000-12,Non-oil Export Price Index,159.37
2001-01,Export Price Index - Overall Items,120.573
2001-01,Non-oil Export Price Index,157.331
2001-02,Export Price Index - Overall Items,120.534
2001-02,Non-oil Export Price Index,156.99
2001-03,Export Price Index - Overall Items,120.817
2001-03,Non-oil Export Price Index,157.673
2001-04,Export Price Index - Overall Items,121.425
2001-04,Non-oil Export Price Index,157.471
2001-05,Export Price Index - Overall Items,121.02
2001-05,Non-oil Export Price Index,156.678
2001-06,Export Price Index - Overall Items,119.338
2001-06,Non-oil Export Price Index,154.796
2001-07,Export Price Index - Overall Items,115.648
2001-07,Non-oil Export Price Index,150.337
2001-08,Export Price Index - Overall Items,114.361
2001-08,Non-oil Export Price Index,148.443
2001-09,Export Price Index - Overall Items,114.769
2001-09,Non-oil Export Price Index,148.487
2001-10,Export Price Index - Overall Items,112.892
2001-10,Non-oil Export Price Index,147.259
2001-11,Export Price Index - Overall Items,110.417
2001-11,Non-oil Export Price Index,145.121
2001-12,Export Price Index - Overall Items,110.553
2001-12,Non-oil Export Price Index,145.6
2002-01,Export Price Index - Overall Items,109.817
2002-01,Non-oil Export Price Index,144.472
2002-02,Export Price Index - Overall Items,110.227
2002-02,Non-oil Export Price Index,144.692
2002-03,Export Price Index - Overall Items,111.927
2002-03,Non-oil Export Price Index,145.676
2002-04,Export Price Index - Overall Items,111.112
2002-04,Non-oil Export Price Index,143.924
2002-05,Export Price Index - Overall Items,109.83
2002-05,Non-oil Export Price Index,141.529
2002-06,Export Price Index - Overall Items,108.228
2002-06,Non-oil Export Price Index,139.903
2002-07,Export Price Index - Overall Items,106.46
2002-07,Non-oil Export Price Index,137.347
2002-08,Export Price Index - Overall Items,106.37
2002-08,Non-oil Export Price Index,137.015
2002-09,Export Price Index - Overall Items,106.697
2002-09,Non-oil Export Price Index,136.249
2002-10,Export Price Index - Overall Items,107.785
2002-10,Non-oil Export Price Index,137.361
2002-11,Export Price Index - Overall Items,105.744
2002-11,Non-oil Export Price Index,135.953
2002-12,Export Price Index - Overall Items,106.399
2002-12,Non-oil Export Price Index,135.518
2003-01,Export Price Index - Overall Items,106.15
2003-01,Non-oil Export Price Index,134.109
2003-02,Export Price Index - Overall Items,107.61
2003-02,Non-oil Export Price Index,134.271
2003-03,Export Price Index - Overall Items,106.902
2003-03,Non-oil Export Price Index,133.52
2003-04,Export Price Index - Overall Items,105.532
2003-04,Non-oil Export Price Index,134.215
2003-05,Export Price Index - Overall Items,103.61
2003-05,Non-oil Export Price Index,132.085
2003-06,Export Price Index - Overall Items,103.717
2003-06,Non-oil Export Price Index,132.064
2003-07,Export Price Index - Overall Items,103.923
2003-07,Non-oil Export Price Index,131.783
2003-08,Export Price Index - Overall Items,103.922
2003-08,Non-oil Export Price Index,131.133
2003-09,Export Price Index - Overall Items,103.157
2003-09,Non-oil Export Price Index,130.904
2003-10,Export Price Index - Overall Items,102.688
2003-10,Non-oil Export Price Index,129.521
2003-11,Export Price Index - Overall Items,103.189
2003-11,Non-oil Export Price Index,130.074
2003-12,Export Price Index - Overall Items,103.316
2003-12,Non-oil Export Price Index,129.735
2004-01,Export Price Index - Overall Items,104.012
2004-01,Non-oil Export Price Index,129.752
2004-02,Export Price Index - Overall Items,103.754
2004-02,Non-oil Export Price Index,129.81
2004-03,Export Price Index - Overall Items,103.82
2004-03,Non-oil Export Price Index,129.841
2004-04,Export Price Index - Overall Items,103.394
2004-04,Non-oil Export Price Index,128.875
2004-05,Export Price Index - Overall Items,105.583
2004-05,Non-oil Export Price Index,129.857
2004-06,Export Price Index - Overall Items,105.129
2004-06,Non-oil Export Price Index,129.973
2004-07,Export Price Index - Overall Items,105.308
2004-07,Non-oil Export Price Index,129.31
2004-08,Export Price Index - Overall Items,106.7
2004-08,Non-oil Export Price Index,129.336
2004-09,Export Price Index - Overall Items,105.732
2004-09,Non-oil Export Price Index,127.595
2004-10,Export Price Index - Overall Items,106.416
2004-10,Non-oil Export Price Index,126.474
2004-11,Export Price Index - Overall Items,104.157
2004-11,Non-oil Export Price Index,124.911
2004-12,Export Price Index - Overall Items,102.18
2004-12,Non-oil Export Price Index,124.489
2005-01,Export Price Index - Overall Items,101.414
2005-01,Non-oil Export Price Index,123.117
2005-02,Export Price Index - Overall Items,102.373
2005-02,Non-oil Export Price Index,123.173
2005-03,Export Price Index - Overall Items,104.789
2005-03,Non-oil Export Price Index,123.092
2005-04,Export Price Index - Overall Items,106.853
2005-04,Non-oil Export Price Index,124.413
2005-05,Export Price Index - Overall Items,105.05
2005-05,Non-oil Export Price Index,123.99
2005-06,Export Price Index - Overall Items,106.756
2005-06,Non-oil Export Price Index,123.634
2005-07,Export Price Index - Overall Items,108.042
2005-07,Non-oil Export Price Index,124.496
2005-08,Export Price Index - Overall Items,108.573
2005-08,Non-oil Export Price Index,123.219
2005-09,Export Price Index - Overall Items,110.911
2005-09,Non-oil Export Price Index,124.372
2005-10,Export Price Index - Overall Items,110.859
2005-10,Non-oil Export Price Index,124.797
2005-11,Export Price Index - Overall Items,108.598
2005-11,Non-oil Export Price Index,124.747
2005-12,Export Price Index - Overall Items,107.949
2005-12,Non-oil Export Price Index,123.554
2006-01,Export Price Index - Overall Items,111.657
2006-01,Non-oil Export Price Index,127.107
2006-02,Export Price Index - Overall Items,111.959
2006-02,Non-oil Export Price Index,127.163
2006-03,Export Price Index - Overall Items,109.937
2006-03,Non-oil Export Price Index,124.099
2006-04,Export Price Index - Overall Items,110.467
2006-04,Non-oil Export Price Index,123.516
2006-05,Export Price Index - Overall Items,109.686
2006-05,Non-oil Export Price Index,121.607
2006-06,Export Price Index - Overall Items,110.353
2006-06,Non-oil Export Price Index,122.195
2006-07,Export Price Index - Overall Items,110.384
2006-07,Non-oil Export Price Index,121.49
2006-08,Export Price Index - Overall Items,109.68
2006-08,Non-oil Export Price Index,120.964
2006-09,Export Price Index - Overall Items,108.776
2006-09,Non-oil Export Price Index,121.459
2006-10,Export Price Index - Overall Items,106.633
2006-10,Non-oil Export Price Index,120.064
2006-11,Export Price Index - Overall Items,104.912
2006-11,Non-oil Export Price Index,118.82
2006-12,Export Price Index - Overall Items,104.449
2006-12,Non-oil Export Price Index,118.092
2007-01,Export Price Index - Overall Items,103.672
2007-01,Non-oil Export Price Index,117.909
2007-02,Export Price Index - Overall Items,104.057
2007-02,Non-oil Export Price Index,117.629
2007-03,Export Price Index - Overall Items,104.203
2007-03,Non-oil Export Price Index,117.027
2007-04,Export Price Index - Overall Items,104.828
2007-04,Non-oil Export Price Index,116.229
2007-05,Export Price Index - Overall Items,104.779
2007-05,Non-oil Export Price Index,115.779
2007-06,Export Price Index - Overall Items,105.66
2007-06,Non-oil Export Price Index,116.441
2007-07,Export Price Index - Overall Items,105.502
2007-07,Non-oil Export Price Index,115.399
2007-08,Export Price Index - Overall Items,105.005
2007-08,Non-oil Export Price Index,115.328
2007-09,Export Price Index - Overall Items,105.606
2007-09,Non-oil Export Price Index,114.784
2007-10,Export Price Index - Overall Items,104.589
2007-10,Non-oil Export Price Index,112.483
2007-11,Export Price Index - Overall Items,106.486
2007-11,Non-oil Export Price Index,112.247
2007-12,Export Price Index - Overall Items,106.557
2007-12,Non-oil Export Price Index,112.171
2008-01,Export Price Index - Overall Items,105.414
2008-01,Non-oil Export Price Index,110.979
2008-02,Export Price Index - Overall Items,104.798
2008-02,Non-oil Export Price Index,110.082
2008-03,Export Price Index - Overall Items,106.207
2008-03,Non-oil Export Price Index,109.6
2008-04,Export Price Index - Overall Items,106.703
2008-04,Non-oil Export Price Index,108.171
2008-05,Export Price Index - Overall Items,109.555
2008-05,Non-oil Export Price Index,107.753
2008-06,Export Price Index - Overall Items,111.651
2008-06,Non-oil Export Price Index,108.27
2008-07,Export Price Index - Overall Items,112.942
2008-07,Non-oil Export Price Index,107.851
2008-08,Export Price Index - Overall Items,110.419
2008-08,Non-oil Export Price Index,109.634
2008-09,Export Price Index - Overall Items,109.036
2008-09,Non-oil Export Price Index,110.851
2008-10,Export Price Index - Overall Items,103.853
2008-10,Non-oil Export Price Index,111.715
2008-11,Export Price Index - Overall Items,99.693
2008-11,Non-oil Export Price Index,112.204
2008-12,Export Price Index - Overall Items,96.826
2008-12,Non-oil Export Price Index,110.766
2009-01,Export Price Index - Overall Items,95.86
2009-01,Non-oil Export Price Index,109.542
2009-02,Export Price Index - Overall Items,96.279
2009-02,Non-oil Export Price Index,110.642
2009-03,Export Price Index - Overall Items,96.147
2009-03,Non-oil Export Price Index,111.137
2009-04,Export Price Index - Overall Items,96.539
2009-04,Non-oil Export Price Index,109.876
2009-05,Export Price Index - Overall Items,95.645
2009-05,Non-oil Export Price Index,107.584
2009-06,Export Price Index - Overall Items,98.114
2009-06,Non-oil Export Price Index,107.768
2009-07,Export Price Index - Overall Items,97.771
2009-07,Non-oil Export Price Index,108.055
2009-08,Export Price Index - Overall Items,99.388
2009-08,Non-oil Export Price Index,108.244
2009-09,Export Price Index - Overall Items,98.402
2009-09,Non-oil Export Price Index,108.159
2009-10,Export Price Index - Overall Items,98.1
2009-10,Non-oil Export Price Index,106.879
2009-11,Export Price Index - Overall Items,98.503
2009-11,Non-oil Export Price Index,106.379
2009-12,Export Price Index - Overall Items,98.526
2009-12,Non-oil Export Price Index,106.746
2010-01,Export Price Index - Overall Items,99.246
2010-01,Non-oil Export Price Index,106.737
2010-02,Export Price Index - Overall Items,99.995
2010-02,Non-oil Export Price Index,108.103
2010-03,Export Price Index - Overall Items,100.095
2010-03,Non-oil Export Price Index,107.528
2010-04,Export Price Index - Overall Items,100.382
2010-04,Non-oil Export Price Index,106.746
2010-05,Export Price Index - Overall Items,99.912
2010-05,Non-oil Export Price Index,107.16
2010-06,Export Price Index - Overall Items,99.444
2010-06,Non-oil Export Price Index,107.551
2010-07,Export Price Index - Overall Items,98.316
2010-07,Non-oil Export Price Index,106.398
2010-08,Export Price Index - Overall Items,97.976
2010-08,Non-oil Export Price Index,105.822
2010-09,Export Price Index - Overall Items,96.991
2010-09,Non-oil Export Price Index,104.756
2010-10,Export Price Index - Overall Items,96.611
2010-10,Non-oil Export Price Index,103.42
2010-11,Export Price Index - Overall Items,97.581
2010-11,Non-oil Export Price Index,103.705
2010-12,Export Price Index - Overall Items,98.569
2010-12,Non-oil Export Price Index,103.884
2011-01,Export Price Index - Overall Items,99.512
2011-01,Non-oil Export Price Index,103.891
2011-02,Export Price Index - Overall Items,101.001
2011-02,Non-oil Export Price Index,103.918
2011-03,Export Price Index - Overall Items,102.51
2011-03,Non-oil Export Price Index,103.222
2011-04,Export Price Index - Overall Items,103.226
2011-04,Non-oil Export Price Index,102.784
2011-05,Export Price Index - Overall Items,101.211
2011-05,Non-oil Export Price Index,101.849
2011-06,Export Price Index - Overall Items,100.647
2011-06,Non-oil Export Price Index,101.408
2011-07,Export Price Index - Overall Items,99.623
2011-07,Non-oil Export Price Index,99.947
2011-08,Export Price Index - Overall Items,98.274
2011-08,Non-oil Export Price Index,99.213
2011-09,Export Price Index - Overall Items,100.19
2011-09,Non-oil Export Price Index,101.106
2011-10,Export Price Index - Overall Items,101.849
2011-10,Non-oil Export Price Index,102.676
2011-11,Export Price Index - Overall Items,102.561
2011-11,Non-oil Export Price Index,102.618
2011-12,Export Price Index - Overall Items,102.33
2011-12,Non-oil Export Price Index,103.055
2012-01,Export Price Index - Overall Items,103.703
2012-01,Non-oil Export Price Index,103.057
2012-02,Export Price Index - Overall Items,102.59
2012-02,Non-oil Export Price Index,101.054
2012-03,Export Price Index - Overall Items,103.363
2012-03,Non-oil Export Price Index,101.229
2012-04,Export Price Index - Overall Items,103.247
2012-04,Non-oil Export Price Index,101.904
2012-05,Export Price Index - Overall Items,101.342
2012-05,Non-oil Export Price Index,101.582
2012-06,Export Price Index - Overall Items,99.027
2012-06,Non-oil Export Price Index,101.488
2012-07,Export Price Index - Overall Items,98.364
2012-07,Non-oil Export Price Index,100.251
2012-08,Export Price Index - Overall Items,99.441
2012-08,Non-oil Export Price Index,99.071
2012-09,Export Price Index - Overall Items,98.978
2012-09,Non-oil Export Price Index,98.33
2012-10,Export Price Index - Overall Items,97.482
2012-10,Non-oil Export Price Index,97.387
2012-11,Export Price Index - Overall Items,96.455
2012-11,Non-oil Export Price Index,97.363
2012-12,Export Price Index - Overall Items,96.006
2012-12,Non-oil Export Price Index,97.285
2013-01,Export Price Index - Overall Items,96.82
2013-01,Non-oil Export Price Index,97.38
2013-02,Export Price Index - Overall Items,98.499
2013-02,Non-oil Export Price Index,97.886
2013-03,Export Price Index - Overall Items,97.835
2013-03,Non-oil Export Price Index,98.625
2013-04,Export Price Index - Overall Items,96.2
2013-04,Non-oil Export Price Index,97.933
2013-05,Export Price Index - Overall Items,96.041
2013-05,Non-oil Export Price Index,97.862
2013-06,Export Price Index - Overall Items,97.601
2013-06,Non-oil Export Price Index,98.945
2013-07,Export Price Index - Overall Items,98.284
2013-07,Non-oil Export Price Index,99.243
2013-08,Export Price Index - Overall Items,98.273
2013-08,Non-oil Export Price Index,99.159
2013-09,Export Price Index - Overall Items,97.935
2013-09,Non-oil Export Price Index,99.165
2013-10,Export Price Index - Overall Items,96.509
2013-10,Non-oil Export Price Index,97.531
2013-11,Export Price Index - Overall Items,96.284
2013-11,Non-oil Export Price Index,97.335
2013-12,Export Price Index - Overall Items,97.012
2013-12,Non-oil Export Price Index,97.641
2014-01,Export Price Index - Overall Items,97.157
2014-01,Non-oil Export Price Index,97.764
2014-02,Export Price Index - Overall Items,97.098
2014-02,Non-oil Export Price Index,97.547
2014-03,Export Price Index - Overall Items,96.858
2014-03,Non-oil Export Price Index,97.646
2014-04,Export Price Index - Overall Items,96.119
2014-04,Non-oil Export Price Index,96.886
2014-05,Export Price Index - Overall Items,95.709
2014-05,Non-oil Export Price Index,96.407
2014-06,Export Price Index - Overall Items,95.908
2014-06,Non-oil Export Price Index,96.428
2014-07,Export Price Index - Overall Items,95.143
2014-07,Non-oil Export Price Index,96.091
2014-08,Export Price Index - Overall Items,94.908
2014-08,Non-oil Export Price Index,96.615
2014-09,Export Price Index - Overall Items,94.942
2014-09,Non-oil Export Price Index,97.191
2014-10,Export Price Index - Overall Items,93.358
2014-10,Non-oil Export Price Index,97.583
2014-11,Export Price Index - Overall Items,93.152
2014-11,Non-oil Export Price Index,98.563
2014-12,Export Price Index - Overall Items,89.991
2014-12,Non-oil Export Price Index,98.867
2015-01,Export Price Index - Overall Items,87.423
2015-01,Non-oil Export Price Index,98.886
2015-02,Export Price Index - Overall Items,89.855
2015-02,Non-oil Export Price Index,99.757
2015-03,Export Price Index - Overall Items,90.179
2015-03,Non-oil Export Price Index,100.844
2015-04,Export Price Index - Overall Items,89.073
2015-04,Non-oil Export Price Index,99.173
2015-05,Export Price Index - Overall Items,89.511
2015-05,Non-oil Export Price Index,98.328
2015-06,Export Price Index - Overall Items,89.797
2015-06,Non-oil Export Price Index,98.938
2015-07,Export Price Index - Overall Items,88.939
2015-07,Non-oil Export Price Index,99.421
2015-08,Export Price Index - Overall Items,88.793
2015-08,Non-oil Export Price Index,101.188
2015-09,Export Price Index - Overall Items,88.228
2015-09,Non-oil Export Price Index,100.973
2015-10,Export Price Index - Overall Items,87.468
2015-10,Non-oil Export Price Index,100.088
2015-11,Export Price Index - Overall Items,86.977
2015-11,Non-oil Export Price Index,100.11
2015-12,Export Price Index - Overall Items,85.247
2015-12,Non-oil Export Price Index,99.735
2016-01,Export Price Index - Overall Items,83.898
2016-01,Non-oil Export Price Index,100.005
2016-02,Export Price Index - Overall Items,82.617
2016-02,Non-oil Export Price Index,98.694
2016-03,Export Price Index - Overall Items,82.405
2016-03,Non-oil Export Price Index,97.318
2016-04,Export Price Index - Overall Items,81.655
2016-04,Non-oil Export Price Index,95.847
2016-05,Export Price Index - Overall Items,83.768
2016-05,Non-oil Export Price Index,96.87
2016-06,Export Price Index - Overall Items,83.204
2016-06,Non-oil Export Price Index,95.838
2016-07,Export Price Index - Overall Items,82.258
2016-07,Non-oil Export Price Index,95.163
2016-08,Export Price Index - Overall Items,81.848
2016-08,Non-oil Export Price Index,94.847
2016-09,Export Price Index - Overall Items,83.016
2016-09,Non-oil Export Price Index,95.766
2016-10,Export Price Index - Overall Items,85.117
2016-10,Non-oil Export Price Index,96.954
2016-11,Export Price Index - Overall Items,85.945
2016-11,Non-oil Export Price Index,98.541
2016-12,Export Price Index - Overall Items,88.71
2016-12,Non-oil Export Price Index,99.668
2017-01,Export Price Index - Overall Items,88.841
2017-01,Non-oil Export Price Index,99.171
2017-02,Export Price Index - Overall Items,87.967
2017-02,Non-oil Export Price Index,98.205
2017-03,Export Price Index - Overall Items,86.548
2017-03,Non-oil Export Price Index,97.576
2017-04,Export Price Index - Overall Items,86.374
2017-04,Non-oil Export Price Index,96.935
2017-05,Export Price Index - Overall Items,86.002
2017-05,Non-oil Export Price Index,96.969
2017-06,Export Price Index - Overall Items,84.393
2017-06,Non-oil Export Price Index,95.856
2017-07,Export Price Index - Overall Items,84.372
2017-07,Non-oil Export Price Index,95.477
2017-08,Export Price Index - Overall Items,84.447
2017-08,Non-oil Export Price Index,94.851
2017-09,Export Price Index - Overall Items,85.035
2017-09,Non-oil Export Price Index,94.588
2017-10,Export Price Index - Overall Items,86.074
2017-10,Non-oil Export Price Index,95.516
2017-11,Export Price Index - Overall Items,86.628
2017-11,Non-oil Export Price Index,95.047
2017-12,Export Price Index - Overall Items,86.549
2017-12,Non-oil Export Price Index,94.716
2018-01,Export Price Index - Overall Items,86.799
2018-01,Non-oil Export Price Index,94.418
2018-02,Export Price Index - Overall Items,86.204
2018-02,Non-oil Export Price Index,94.356
2018-03,Export Price Index - Overall Items,85.968
2018-03,Non-oil Export Price Index,94.116
2018-04,Export Price Index - Overall Items,87.012
2018-04,Non-oil Export Price Index,94.185
2018-05,Export Price Index - Overall Items,89.329
2018-05,Non-oil Export Price Index,95.177
2018-06,Export Price Index - Overall Items,89.907
2018-06,Non-oil Export Price Index,95.541
2018-07,Export Price Index - Overall Items,90.469
2018-07,Non-oil Export Price Index,95.984
2018-08,Export Price Index - Overall Items,90.677
2018-08,Non-oil Export Price Index,96.148