Date,Open,High,Low,Close,Adj Close,Volume
"Jul 21, 2020",2629.33,2644.51,2622.97,2629.45,2629.45,235880500
"Jul 20, 2020",2618.01,2619.78,2595.72,2616.3,2616.3,190816900
"Jul 17, 2020",2635.8,2640.38,2618.48,2618.48,2618.48,171927300
"Jul 16, 2020",2651.93,2661.95,2621.02,2623.67,2623.67,206579000
"Jul 15, 2020",2643.76,2658.9,2641.8,2648.9,2648.9,230774500
"Jul 14, 2020",2617.98,2631.81,2604.95,2620.19,2620.19,196496400
"Jul 13, 2020",2669.98,2670.93,2629.68,2631.08,2631.08,218372600
"Jul 10, 2020",-,-,-,-,-,-
"Jul 09, 2020",2678.92,2679.98,2652.07,2652.65,2652.65,171603800
"Jul 08, 2020",2665.51,2677.4,2653.02,2669.49,2669.49,186970000
"Jul 07, 2020",2705.1,2707.67,2657.94,2661.42,2661.42,223671600
"Jul 06, 2020",2662.41,2696.01,2653.37,2689.61,2689.61,214752500
"Jul 03, 2020",2648.64,2660.27,2637.13,2652.94,2652.94,208612100
"Jul 02, 2020",2607.49,2636.69,2597.61,2636.69,2636.69,216004700
"Jul 01, 2020",2604.08,2619.35,2597.29,2610.17,2610.17,149432000
"Jun 30, 2020",2595.27,2610.99,2589.91,2589.91,2589.91,335570700
"Jun 29, 2020",2589.74,2598.06,2572.23,2574.1,2574.1,232450900
"Jun 26, 2020",2603.43,2619.65,2600.5,2604.51,2604.51,196494800
"Jun 25, 2020",2604.03,2605.33,2574.85,2590.15,2590.15,307390600
"Jun 24, 2020",2644.45,2647.49,2615.72,2628.62,2628.62,277879600
"Jun 23, 2020",2635.69,2641.08,2583.99,2634.92,2634.92,307649600
"Jun 22, 2020",2638.15,2652.38,2627.46,2629.69,2629.69,275133500
"Jun 19, 2020",2656.36,2658.93,2634.83,2634.83,2634.83,475697600
"Jun 18, 2020",2651.04,2678.03,2645.61,2665.66,2665.66,211475700
"Jun 17, 2020",2677.99,2679.57,2644.18,2669.62,2669.62,240791200
"Jun 16, 2020",2664.6,2688.99,2663.75,2666.85,2666.85,330759200
"Jun 15, 2020",2652.8,2661.61,2606.15,2613.88,2613.88,367135600
"Jun 12, 2020",2629.7,2690.77,2609.03,2684.63,2684.63,455535800
"Jun 11, 2020",2785.19,2785.19,2697.24,2704.21,2704.21,488930800
"Jun 10, 2020",2805.81,2822.75,2789.19,2800.57,2800.57,332586800
"Jun 09, 2020",2810.44,2839.39,2783.3,2794.17,2794.17,497198700
"Jun 08, 2020",2775.68,2798.98,2766.35,2796.97,2796.97,418135200
"Jun 05, 2020",2714.55,2755.8,2702.6,2751.5,2751.5,382718200
"Jun 04, 2020",2733.57,2755.55,2684.07,2707.2,2707.2,473130700
"Jun 03, 2020",2637.41,2700.39,2637.41,2700.39,2700.39,602716000
"Jun 02, 2020",2565.29,2611.63,2562.09,2611.63,2611.63,528974200
"Jun 01, 2020",2519.42,2578.27,2516.46,2550.86,2550.86,658080300
"May 29, 2020",2494.31,2516.78,2489.94,2510.75,2510.75,1472751700
"May 28, 2020",2526.71,2531.56,2509.1,2515.24,2515.24,402054600
"May 27, 2020",2527.33,2537.79,2509.59,2519.48,2519.48,321590200
"May 26, 2020",2517.33,2544.46,2516.89,2530.3,2530.3,298292000
"May 22, 2020",2533.04,2534.9,2490.7,2499.83,2499.83,364821400
"May 21, 2020",2579.52,2583.03,2554.68,2555.34,2555.34,239368000
"May 20, 2020",2583.37,2587.16,2555.5,2561.94,2561.94,297329100
"May 19, 2020",2583.54,2596.41,2579.61,2581.33,2581.33,353410500
"May 18, 2020",2526.97,2551.63,2524.66,2539.28,2539.28,250959800
"May 15, 2020",2535.99,2546.34,2516.66,2523.55,2523.55,522395500
"May 14, 2020",2546.64,2551,2521.47,2522.31,2522.31,510416400
"May 13, 2020",2573.71,2584.17,2567.45,2572.01,2572.01,637426800
"May 12, 2020",2582.55,2590.51,2576.46,2587.81,2587.81,241063400
"May 11, 2020",2597.85,2611.74,2590.66,2611.31,2611.31,260504400
"May 08, 2020",2600.38,2602.43,2579.36,2591.88,2591.88,330465700
"May 06, 2020",2566.69,2608.01,2565.94,2591.6,2591.6,294626700
"May 05, 2020",2579.1,2595.13,2572.36,2572.36,2572.36,220314200
"May 04, 2020",2555.67,2575.14,2536.63,2563.69,2563.69,349485700
"Apr 30, 2020",2600.01,2633.92,2592.61,2624.23,2624.23,536545700
"Apr 29, 2020",2561.07,2579.27,2554.77,2574.73,2574.73,267659600
"Apr 28, 2020",2559.87,2562.95,2532.24,2562.95,2562.95,328809900
"Apr 27, 2020",2525.6,2562.35,2525.6,2549.4,2549.4,245348400
"Apr 24, 2020",2530.03,2533.75,2501.58,2518.16,2518.16,299499900
"Apr 23, 2020",2549.87,2563.12,2539.84,2542.37,2542.37,263707100
"Apr 22, 2020",2530.97,2556.05,2507.83,2550.04,2550.04,351932200
"Apr 21, 2020",2591.98,2601.15,2551.92,2551.92,2551.92,351561100
"Apr 20, 2020",2622.67,2627.56,2592.95,2597.85,2597.85,244908500
"Apr 17, 2020",2661.28,2671.58,2609.14,2614.6,2614.6,398929400
"Apr 16, 2020",2581.45,2635.18,2581.04,2612.25,2612.25,296993300
"Apr 15, 2020",2646.91,2650.52,2591.16,2605.56,2605.56,369997800
"Apr 14, 2020",2570.73,2647.5,2566.09,2634.57,2634.57,351096000
"Apr 13, 2020",2561.41,2572.5,2544.9,2567.25,2567.25,163623700
"Apr 09, 2020",2564.84,2596.19,2559.27,2571.32,2571.32,346484700
"Apr 08, 2020",2528.31,2551.65,2507.13,2539.44,2539.44,318915900
"Apr 07, 2020",2506.25,2571.89,2502.33,2571.89,2571.89,492081200
"Apr 06, 2020",2429.58,2477.31,2411.27,2470.59,2470.59,384427200
"Apr 03, 2020",2451.47,2454.79,2380.84,2389.29,2389.29,456374200
"Apr 02, 2020",2402.43,2453.81,2390.88,2453.03,2453.03,405555200
"Apr 01, 2020",2468.17,2481.44,2419.1,2440.27,2440.27,363877000
"Mar 31, 2020",2454.17,2487.65,2454.17,2481.23,2481.23,511031400
"Mar 30, 2020",2479.98,2480.45,2409.69,2416.24,2416.24,403297900
"Mar 27, 2020",2545.64,2561.37,2511.21,2528.76,2528.76,487699200
"Mar 26, 2020",2519.3,2519.32,2433.43,2487.56,2487.56,511193700
"Mar 25, 2020",2429.57,2510.76,2390.71,2505.47,2505.47,545558100
"Mar 24, 2020",2292.57,2372.35,2291.25,2362.05,2362.05,469575500
"Mar 23, 2020",2274.38,2274.38,2208.42,2233.48,2233.48,111850600
"Mar 20, 2020",2314.78,2433.14,2312.53,2410.74,2410.74,628761400
"Mar 19, 2020",2415.36,2441.1,2303.9,2311,2311,608095800
"Mar 18, 2020",2472.53,2532.39,2420.86,2425.62,2425.62,576383300
"Mar 17, 2020",2469.73,2517.1,2454.53,2454.53,2454.53,588144700
"Mar 16, 2020",2557.8,2590.91,2495.77,2495.77,2495.77,491526400
"Mar 13, 2020",-,-,-,-,-,-
"Mar 12, 2020",2751.68,2752.64,2666.05,2678.64,2678.64,-
"Mar 11, 2020",-,-,-,-,-,-
"Mar 10, 2020",2766.19,2853.69,2756.88,2832.54,2832.54,-
"Mar 09, 2020",2891.59,2891.65,2772.7,2782.37,2782.37,-
"Mar 06, 2020",2999.23,3000.14,2959.16,2960.98,2960.98,336208700
"Mar 05, 2020",3037.07,3047.79,3016.33,3018.27,3018.27,426418600
"Mar 04, 2020",3015.2,3031.93,3003.09,3025.03,3025.03,373878700
"Mar 03, 2020",3032.35,3042.77,3015.55,3019.56,3019.56,339606300
"Mar 02, 2020",2988.35,3026.23,2987.41,3007.72,3007.72,358472600
"Feb 28, 2020",3043.67,3056.56,3008.46,3011.08,3011.08,552747300
"Feb 27, 2020",3110.23,3114.15,3086.39,3111.7,3111.7,315229200
"Feb 26, 2020",3131.64,3136.44,3117.52,3117.52,3117.52,309471500
"Feb 25, 2020",3145.01,3171.74,3142.2,3158.24,3158.24,255301500
"Feb 24, 2020",3159.64,3166.01,3140.39,3142.2,3142.2,285617700
"Feb 21, 2020",3189.19,3200.73,3179.37,3181.03,3181.03,230052300
"Feb 20, 2020",3217.54,3221.69,3190.99,3198.68,3198.68,206574200
"Feb 19, 2020",3199.22,3222.61,3194.35,3213.71,3213.71,204087800
"Feb 18, 2020",3203.38,3203.62,3191.15,3196.63,3196.63,198579800
"Feb 17, 2020",3220.66,3223.43,3210,3213,3213,192026300
"Feb 14, 2020",3216.36,3233.86,3212.06,3220.03,3220.03,242145500
"Feb 13, 2020",3230.28,3232.9,3211.87,3220.09,3220.09,234275500
"Feb 12, 2020",3182.38,3223.37,3175.25,3223.37,3223.37,309948500
"Feb 11, 2020",3168.15,3195.5,3166.99,3175.57,3175.57,233884800
"Feb 10, 2020",3142.47,3173.32,3137.81,3163.15,3163.15,203859800
"Feb 07, 2020",3214.18,3219.8,3170.57,3181.48,3181.48,322500500
"Feb 06, 2020",3215.37,3231.97,3206.92,3231.55,3231.55,284410900
"Feb 05, 2020",3163.67,3203.04,3156.86,3200.13,3200.13,247570300
"Feb 04, 2020",3135.5,3166.71,3132.51,3156.57,3156.57,251277700
"Feb 03, 2020",3131.02,3139.36,3112.33,3116.31,3116.31,240928600
"Jan 31, 2020",3173.39,3183.46,3144.33,3153.73,3153.73,283957200
"Jan 30, 2020",3183.2,3191.38,3152.51,3170.68,3170.68,246419300
"Jan 29, 2020",3181.19,3193.84,3172.66,3182.57,3182.57,207466100
"Jan 28, 2020",3172.73,3190.08,3144.1,3181.25,3181.25,461901000
"Jan 24, 2020",3235.36,3242.5,3230.32,3240.02,3240.02,192710800
"Jan 23, 2020",3251.84,3259.9,3231.37,3234.56,3234.56,313846600
"Jan 22, 2020",3242.6,3258.96,3240.17,3253.93,3253.93,202913300
"Jan 21, 2020",3271.56,3275.15,3232.99,3247.17,3247.17,272436300
"Jan 20, 2020",3280.95,3283.06,3270.8,3280.09,3280.09,172691700
"Jan 17, 2020",3282.85,3283.89,3269.99,3281.03,3281.03,202760000
"Jan 16, 2020",3256.83,3280.36,3255.63,3278,3278,270571600
"Jan 15, 2020",3266.54,3276,3252.02,3256.98,3256.98,245144400
"Jan 14, 2020",3262.08,3270.54,3256.18,3270.54,3270.54,270354000
"Jan 13, 2020",3259.44,3267.97,3248,3251.07,3251.07,211815300
"Jan 10, 2020",3252.66,3261.28,3246.62,3255.95,3255.95,195969000
"Jan 09, 2020",3262.72,3262.72,3243.1,3247.48,3247.48,230734400
"Jan 08, 2020",3211.28,3245.89,3193.31,3245.89,3245.89,297723700
"Jan 07, 2020",3236.23,3247.86,3233.5,3247.86,3247.86,187657600
"Jan 06, 2020",3221.56,3226.11,3210.68,3218.86,3218.86,154063200
"Jan 03, 2020",3260.27,3268.73,3227.63,3238.82,3238.82,193650300
"Jan 02, 2020",3230.48,3256.09,3220.67,3252,3252,136381900
"Dec 31, 2019",3201.31,3239.24,3201.31,3222.83,3222.83,122667000
"Dec 30, 2019",3228.04,3232.27,3214.32,3222.44,3222.44,102453800
"Dec 27, 2019",3226.92,3230.93,3220.47,3226.53,3226.53,81842700
"Dec 26, 2019",3221.83,3222.99,3205.99,3222.99,3222.99,71769500
"Dec 25, 2019",-,-,-,-,-,-
"Dec 24, 2019",3218.21,3224.71,3207.69,3221.67,3221.67,70922000
"Dec 23, 2019",3216.46,3218.45,3204.5,3214,3214,167103200
"Dec 20, 2019",3217.03,3217.03,3203.5,3212.39,3212.39,320074800
"Dec 19, 2019",3205.09,3211.51,3194.92,3207.42,3207.42,164889000
"Dec 18, 2019",3195.07,3217.12,3189.77,3209.54,3209.54,263354900
"Dec 17, 2019",3205.91,3217.83,3192.82,3200.8,3200.8,269415000
"Dec 16, 2019",3213.61,3219.53,3206.09,3206.09,3206.09,167870000
"Dec 13, 2019",3211.14,3223.45,3205.97,3214.05,3214.05,308517500
"Dec 12, 2019",3188.99,3206.19,3184.18,3194.67,3194.67,263500100
"Dec 11, 2019",3160.2,3187.33,3159.5,3172.9,3172.9,202358800
"Dec 10, 2019",3182.59,3183.83,3159.18,3162.89,3162.89,292612000
"Dec 09, 2019",3195.97,3200.12,3179.82,3179.82,3179.82,253073700
"Dec 06, 2019",3179.98,3194.71,3171.51,3194.71,3194.71,302030700
"Dec 05, 2019",3170.85,3178.83,3169.84,3174.19,3174.19,253946800
"Dec 04, 2019",3152.8,3167.1,3144.07,3159.79,3159.79,302671000
"Dec 03, 2019",3174.99,3186.64,3160.93,3173.08,3173.08,330602900
"Dec 02, 2019",3198.27,3208.7,3184.77,3187.97,3187.97,225065200
"Nov 29, 2019",3199.25,3199.25,3182.05,3193.92,3193.92,328238300
"Nov 28, 2019",3209.85,3215.8,3198.29,3200.61,3200.61,201995100
"Nov 27, 2019",3213.19,3220.14,3201.78,3215.53,3215.53,414062100
"Nov 26, 2019",3226.39,3234.74,3207.85,3207.85,3207.85,1409118300
"Nov 25, 2019",3241.69,3244.69,3218.25,3220.63,3220.63,340587100
"Nov 22, 2019",3199.9,3232.53,3199.06,3225.65,3225.65,283978700
"Nov 21, 2019",3201.05,3210.09,3189.61,3192.21,3192.21,337898100
"Nov 20, 2019",3231,3236.18,3219.27,3229.78,3229.78,280560900
"Nov 19, 2019",3239.55,3248.74,3224.36,3238.87,3238.87,254882900
"Nov 18, 2019",3231.89,3258.66,3230.74,3258.66,3258.66,267369200
"Nov 15, 2019",3238.6,3243.15,3228.58,3238.86,3238.86,284082200
"Nov 14, 2019",3236.37,3244.7,3225.38,3231.85,3231.85,273629300
"Nov 13, 2019",3258.85,3261.38,3235.2,3239.22,3239.22,212161200
"Nov 12, 2019",3251.23,3267.8,3247.41,3267.8,3267.8,284721000
"Nov 11, 2019",3259.49,3261.13,3227.59,3240.65,3240.65,272878800
"Nov 08, 2019",3273.61,3275.86,3252.26,3264.3,3264.3,343349900
"Nov 07, 2019",3261.85,3285.72,3258.43,3285.72,3285.72,296782800
"Nov 06, 2019",3252.61,3265.75,3250.94,3262.69,3262.69,248859500
"Nov 05, 2019",3242.91,3256.54,3237.46,3248.63,3248.63,305054600
"Nov 04, 2019",3237.85,3250.02,3227.34,3236.4,3236.4,219706200
"Nov 01, 2019",3227.6,3237.12,3208.63,3229.43,3229.43,195966200
"Oct 31, 2019",3217.6,3235.24,3213.46,3229.88,3229.88,302617400
"Oct 30, 2019",3203.51,3210.31,3199.49,3207.92,3207.92,195436200
"Oct 29, 2019",3211.23,3227.15,3187.29,3197.04,3197.04,264131100
"Oct 25, 2019",3174.88,3188.42,3171.92,3185.53,3185.53,148579200
"Oct 24, 2019",3156.26,3176.6,3153.93,3168.87,3168.87,239696100
"Oct 23, 2019",3160.82,3161.02,3134.64,3144.28,3144.28,186149100
"Oct 22, 2019",3153.49,3173.7,3150.29,3160.67,3160.67,242117500
"Oct 21, 2019",3113.71,3147.41,3111.12,3139.15,3139.15,234625800
"Oct 18, 2019",3128.86,3128.86,3108.93,3114.16,3114.16,177859900
"Oct 17, 2019",3138.13,3138.17,3111.77,3126.14,3126.14,200139400
"Oct 16, 2019",3131.1,3144.61,3120.2,3134.71,3134.71,175187900
"Oct 15, 2019",3126.43,3131.02,3112.04,3116.17,3116.17,185908900
"Oct 14, 2019",3129.55,3131.94,3119.6,3124.45,3124.45,162442600
"Oct 11, 2019",3104.37,3115.78,3098.9,3113.97,3113.97,236610800
"Oct 10, 2019",3076.08,3096.38,3073.56,3089.48,3089.48,167912400
"Oct 09, 2019",3097.96,3102.75,3084.2,3089.9,3089.9,245802800
"Oct 08, 2019",3107.1,3124.22,3101.1,3110.85,3110.85,225984000
"Oct 07, 2019",3082.66,3104.11,3079.9,3099.48,3099.48,169939200
"Oct 04, 2019",3089.27,3090.55,3068.83,3078.36,3078.36,168400400
"Oct 03, 2019",3076.08,3093.89,3071.54,3087.97,3087.97,198578400
"Oct 02, 2019",3122.34,3131.11,3095.8,3103.45,3103.45,274571100
"Oct 01, 2019",3130.11,3156.63,3127.46,3146.03,3146.03,-
"Sep 30, 2019",3100.82,3120.9,3100.82,3119.99,3119.99,193376800
"Sep 27, 2019",3126.33,3130.29,3113.67,3125.63,3125.63,165888100
"Sep 26, 2019",3130.5,3134.91,3122.62,3125.81,3125.81,186638700
"Sep 25, 2019",3140.49,3145.79,3119.12,3125.82,3125.82,222798900
"Sep 24, 2019",3161.99,3163.75,3148.55,3155.46,3155.46,192960900
"Sep 23, 2019",3155.77,3162.26,3141.41,3143.24,3143.24,132708300
"Sep 20, 2019",3167.76,3169.03,3154.38,3159.68,3159.68,299925400
"Sep 19, 2019",3178.93,3179.72,3158.11,3158.8,3158.8,207943600
"Sep 18, 2019",3187.34,3190.4,3164.47,3166.84,3166.84,168242900
"Sep 17, 2019",3206.32,3206.85,3180.65,3183,3183,166355400
"Sep 16, 2019",3207.94,3213.07,3195.46,3203.93,3203.93,168507400
"Sep 13, 2019",3201.66,3216.63,3197.67,3211.49,3211.49,166219400
"Sep 12, 2019",3214.14,3216.87,3191.62,3194.96,3194.96,235993000
"Sep 11, 2019",3172.28,3204.52,3165.74,3204.52,3204.52,271889400
"Sep 10, 2019",3155.68,3168.07,3151.27,3155.71,3155.71,219085000
"Sep 09, 2019",3147.68,3157.35,3141.72,3146.33,3146.33,152659800
"Sep 06, 2019",3163.25,3166.95,3143.53,3144.48,3144.48,206370800
"Sep 05, 2019",3150.45,3154.44,3136.13,3147.06,3147.06,234520600
"Sep 04, 2019",3085.03,3142.83,3083.76,3130.57,3130.57,264986700
"Sep 03, 2019",3078.56,3094.19,3074.04,3090.63,3090.63,126550000
"Sep 02, 2019",3092.25,3099.82,3076.2,3082.96,3082.96,133277800
"Aug 30, 2019",3100.52,3114.17,3090.79,3106.52,3106.52,295578900
"Aug 29, 2019",3058.71,3085.32,3040.16,3081.83,3081.83,233948600
"Aug 28, 2019",3066.31,3078.93,3054.84,3056.47,3056.47,236138400
"Aug 27, 2019",3064.78,3076.73,3060.04,3067.52,3067.52,302078500
"Aug 26, 2019",3066.49,3073.6,3054.97,3065.33,3065.33,238401100
"Aug 23, 2019",3128.23,3130.49,3108.95,3110.35,3110.35,220616200
"Aug 22, 2019",3126.79,3135.25,3123.77,3127.74,3127.74,203431000
"Aug 21, 2019",3128.68,3130.3,3116.85,3122.57,3122.57,248360200
"Aug 20, 2019",3124.04,3141.58,3122.65,3135.95,3135.95,198860000
"Aug 19, 2019",3114.13,3137.52,3114.13,3128.45,3128.45,305073800
"Aug 16, 2019",3109.16,3123.15,3091.32,3115.03,3115.03,351579900
"Aug 15, 2019",3095.85,3126.09,3084.08,3126.09,3126.09,438154600
"Aug 14, 2019",3170.85,3174.73,3136.84,3147.6,3147.6,247729100
"Aug 13, 2019",3143.21,3149.22,3132.2,3146.73,3146.73,223995100
"Aug 08, 2019",3170.54,3184.47,3159.45,3168.94,3168.94,236189100
"Aug 07, 2019",3171.57,3190.66,3160.93,3184.69,3184.69,222963700
"Aug 06, 2019",3160.26,3176.66,3144.8,3170.47,3170.47,255170900
"Aug 05, 2019",3244.6,3246.48,3193.54,3194.51,3194.51,267733900
"Aug 02, 2019",3271.4,3278.88,3257.38,3261.11,3261.11,253019700
"Aug 01, 2019",3282.79,3311.26,3280.57,3291.75,3291.75,167028800
"Jul 31, 2019",3359.92,3360.19,3299.89,3300.75,3300.75,325914600
"Jul 30, 2019",3342.57,3355.88,3341.8,3350.54,3350.54,205582200
"Jul 29, 2019",3362.17,3362.71,3333.38,3346.39,3346.39,140202800
"Jul 26, 2019",3363.56,3365.35,3349.07,3363.76,3363.76,172080500
"Jul 25, 2019",3373.73,3386.28,3368.69,3381.26,3381.26,250620500
"Jul 24, 2019",3378.36,3386.65,3361.3,3368.44,3368.44,203142600
"Jul 23, 2019",3360.18,3374,3359.25,3373.13,3373.13,164590000
"Jul 22, 2019",3369.76,3369.76,3348.78,3357.22,3357.22,140630100
"Jul 19, 2019",3368.39,3379.5,3365.6,3377.96,3377.96,190613900
"Jul 18, 2019",3349.73,3361.76,3347.1,3361.05,3361.05,176201100
"Jul 17, 2019",3354.83,3364.87,3349.87,3364.87,3364.87,186709500
"Jul 16, 2019",3349.22,3360.84,3346.32,3360.03,3360.03,160587600
"Jul 15, 2019",3355.15,3359.32,3337.67,3347.95,3347.95,177126000
"Jul 12, 2019",3354.78,3363.59,3343.56,3357.34,3357.34,205042100
"Jul 11, 2019",3353.81,3372.49,3349.63,3350.45,3350.45,191394200
"Jul 10, 2019",3339.46,3357.36,3336.25,3340.42,3340.42,163748800
"Jul 09, 2019",3337.96,3349.61,3322.75,3329.46,3329.46,212175900
"Jul 08, 2019",3356.05,3356.05,3319.19,3334.23,3334.23,176712600
"Jul 05, 2019",3376.93,3380.68,3353.32,3366.81,3366.81,233513700
"Jul 04, 2019",3370.27,3381.73,3366.9,3372.25,3372.25,168683700
"Jul 03, 2019",3365.35,3373.55,3352.56,3367.8,3367.8,264357300
"Jul 02, 2019",3373.72,3374.15,3347.92,3370.8,3370.8,167544800
"Jul 01, 2019",3339.58,3376.55,3337.31,3372.26,3372.26,212617600
"Jun 28, 2019",3336.08,3336.08,3321.38,3321.61,3321.61,321586800
"Jun 27, 2019",3302.05,3334.21,3299.79,3328.6,3328.6,217397700
"Jun 26, 2019",3298.35,3308.66,3273.27,3301.25,3301.25,254170300
"Jun 25, 2019",3317,3321.09,3301.39,3304.27,3304.27,211701400
"Jun 24, 2019",3308.71,3315.25,3303.01,3311.53,3311.53,179365800
"Jun 21, 2019",3314.28,3321.4,3305.05,3321.4,3321.4,362945000
"Jun 20, 2019",3292.97,3320.8,3290.52,3314.51,3314.51,234617600
"Jun 19, 2019",3275.43,3289.04,3268.56,3288.17,3288.17,248369600
"Jun 18, 2019",3212.54,3240.19,3209.45,3238.73,3238.73,208115400
"Jun 17, 2019",3210.25,3229.55,3202.22,3207.99,3207.99,168637200
"Jun 14, 2019",3214.68,3223.64,3209.93,3222.63,3222.63,156992800
"Jun 13, 2019",3203.18,3220.66,3185.67,3220.66,3220.66,190300900
"Jun 12, 2019",3209.26,3224.09,3193.84,3207.74,3207.74,187589800
"Jun 11, 2019",3193.3,3211.57,3192.93,3209.58,3209.58,197612200
"Jun 10, 2019",3174.88,3199.53,3171.9,3188.11,3188.11,191217400
"Jun 07, 2019",3145.93,3166.29,3140.68,3166.29,3166.29,156029800
"Jun 06, 2019",3144.43,3147.64,3125.96,3146.18,3146.18,307367700
"Jun 04, 2019",3129.76,3142.37,3125.38,3142.37,3142.37,186410300
"Jun 03, 2019",3111.51,3124.28,3104.03,3123.46,3123.46,180020900
"May 31, 2019",3114.55,3130.58,3110.51,3117.76,3117.76,208381300
"May 30, 2019",3147.77,3159.27,3133.6,3143,3143,179785100
"May 29, 2019",3151.89,3163.84,3147.17,3163.28,3163.28,210588800
"May 28, 2019",3171.14,3171.38,3156.95,3165.32,3165.32,298776900
"May 27, 2019",3168.47,3172.8,3157.87,3170.77,3170.77,120964100
"May 24, 2019",3152.08,3172.72,3149.97,3169.89,3169.89,209706400
"May 23, 2019",3172.46,3173.48,3151.63,3160.72,3160.72,183840300
"May 22, 2019",3179.44,3198,3177.99,3183.14,3183.14,199632700
"May 21, 2019",3198.73,3205.14,3177.12,3183.26,3183.26,228840300
"May 17, 2019",3231.45,3231.91,3203.81,3205.46,3205.46,161911600
"May 16, 2019",3212.64,3233.66,3202.67,3230.26,3230.26,183529100
"May 15, 2019",3218.51,3225.79,3211.9,3218.77,3218.77,183813600
"May 14, 2019",3205.5,3227.4,3198.22,3223.71,3223.71,222711300
"May 13, 2019",3258.94,3261.99,3226.22,3234.28,3234.28,241211400
"May 10, 2019",3281.02,3296.01,3262.85,3273.5,3273.5,219123600
"May 09, 2019",3263.41,3278.14,3253.88,3269.7,3269.7,216398900
"May 08, 2019",3286.32,3290.03,3275.78,3283.84,3283.84,210980100
"May 07, 2019",3299.96,3323.05,3292.38,3312.52,3312.52,206711000
"May 06, 2019",3329.32,3329.32,3270.22,3290.62,3290.62,256405500
"May 03, 2019",3384.38,3397.18,3371.31,3392.29,3392.29,187203300
"May 02, 2019",3389.52,3395.4,3376.09,3393.33,3393.33,189022500
"Apr 30, 2019",3411.85,3412.47,3387.46,3400.2,3400.2,230721400
"Apr 29, 2019",3368.66,3415.18,3365.05,3407.02,3407.02,247180900
"Apr 26, 2019",3344.14,3356.95,3336.92,3356.95,3356.95,248394600
"Apr 25, 2019",3349.35,3361.25,3347.16,3350.28,3350.28,171901700
"Apr 24, 2019",3359.13,3362.43,3350.83,3362.43,3362.43,209343700
"Apr 23, 2019",3353.72,3358.11,3345.59,3353.47,3353.47,191484900
"Apr 22, 2019",3358.54,3359.88,3349.86,3357.7,3357.7,110708700
"Apr 18, 2019",3352.36,3356.82,3336.48,3347.58,3347.58,196117100
"Apr 17, 2019",3334.84,3353.08,3333.88,3348.64,3348.64,195217500
"Apr 16, 2019",3326.78,3335.66,3325.84,3332.04,3332.04,189566700
"Apr 15, 2019",3341.75,3344.17,3321.06,3325.86,3325.86,174794200
"Apr 12, 2019",3330.64,3333.38,3318.99,3331.98,3331.98,182190800
"Apr 11, 2019",3330.51,3348.04,3324.73,3330.82,3330.82,225274400
"Apr 10, 2019",3317.58,3333.18,3316.92,3327.65,3327.65,217535700
"Apr 09, 2019",3317.65,3329.67,3313.04,3325.6,3325.6,203107500
"Apr 08, 2019",3326.35,3327.66,3309.17,3315.42,3315.42,161957300
"Apr 05, 2019",3317.11,3332.59,3316.66,3322.64,3322.64,238846300
"Apr 04, 2019",3312.06,3323.37,3303.1,3316.21,3316.21,450984700
"Apr 03, 2019",3299.26,3318.56,3299.26,3311.27,3311.27,206756900
"Apr 02, 2019",3269.55,3283.01,3256.01,3279.78,3279.78,201453400
"Apr 01, 2019",3229.11,3250.51,3227.62,3250.51,3250.51,194189200
"Mar 29, 2019",3223.56,3226.74,3209.5,3212.88,3212.88,207993800
"Mar 28, 2019",3196.83,3213.62,3192.48,3203.58,3203.58,150519800
"Mar 27, 2019",3195.69,3214.23,3191.93,3198.39,3198.39,207398500
"Mar 26, 2019",3195.47,3214.82,3188.22,3200.28,3200.28,189556800
"Mar 25, 2019",3170.5,3182.92,3156.79,3182.92,3182.92,185450500
"Mar 22, 2019",3218.52,3228.38,3207.27,3212.1,3212.1,152483400
"Mar 21, 2019",3214.6,3219.31,3206.21,3213.65,3213.65,196450900
"Mar 20, 2019",3213.98,3214.49,3195.33,3207.66,3207.66,212665200
"Mar 19, 2019",3214.79,3221.69,3204.13,3220.92,3220.92,228127400
"Mar 18, 2019",3210.49,3216.31,3206.45,3212.96,3212.96,144640200
"Mar 15, 2019",3198.3,3216.72,3193.9,3200.18,3200.18,320905000
"Mar 14, 2019",3188.36,3204.36,3183.64,3197.92,3197.92,212502700
"Mar 13, 2019",3209.05,3209.05,3183.72,3195.59,3195.59,173141300
"Mar 12, 2019",3211.7,3228.21,3209.08,3212.25,3212.25,177842400
"Mar 11, 2019",3187.75,3197.71,3185.06,3191.42,3191.42,132591400
"Mar 08, 2019",3204.4,3215.23,3192.71,3195.87,3195.87,201176100
"Mar 07, 2019",3224.43,3235.69,3218.25,3229.48,3229.48,219288400
"Mar 06, 2019",3235.42,3241.58,3222.84,3222.84,3222.84,220350500
"Mar 05, 2019",3241.01,3247.6,3228.25,3234.07,3234.07,196401200
"Mar 04, 2019",3224.69,3251.72,3215.66,3251.08,3251.08,216007100
"Mar 01, 2019",3210.84,3231.21,3202.02,3220.4,3220.4,183102000
"Feb 28, 2019",3249.81,3250.42,3212.69,3212.69,3212.69,301989200
"Feb 27, 2019",3261.99,3284.73,3245.71,3250.02,3250.02,224863300
"Feb 26, 2019",3272.12,3273.82,3252.58,3261.66,3261.66,192728700
"Feb 25, 2019",3273.45,3276.47,3252.66,3272.35,3272.35,219895200
"Feb 22, 2019",3256.93,3273.16,3256.17,3269.9,3269.9,286653800
"Feb 21, 2019",3273.57,3286.08,3262.99,3277.91,3277.91,239387400
"Feb 20, 2019",3275.35,3285.6,3266.89,3278.38,3278.38,206229800
"Feb 19, 2019",3267.07,3280.04,3258.71,3259.8,3259.8,155648000
"Feb 18, 2019",3258.81,3276.61,3256.86,3265.97,3265.97,172490000
"Feb 15, 2019",3248.45,3259.79,3229.85,3239.74,3239.74,268433700
"Feb 14, 2019",3240.62,3253.67,3235.8,3253.16,3253.16,209872400
"Feb 13, 2019",3219.9,3244.77,3219.77,3244.77,3244.77,248353000
"Feb 12, 2019",3202.86,3213.68,3198.75,3201.15,3201.15,165726000
"Feb 11, 2019",3176,3206.27,3174,3206.27,3206.27,224064000
"Feb 08, 2019",3177.91,3205.25,3177.91,3202.04,3202.04,199215900
"Feb 07, 2019",3211.93,3215.9,3194.18,3200.64,3200.64,191321600
"Feb 05, 2019",-,-,-,-,-,-
"Feb 04, 2019",3192.36,3197.96,3182.17,3184.56,3184.56,88221400
"Feb 01, 2019",3194.22,3205.03,3182.35,3188.68,3188.68,190907400
"Jan 31, 2019",3187.73,3197.98,3183.68,3190.17,3190.17,274691000
"Jan 30, 2019",3188.43,3194.28,3169.29,3174.38,3174.38,224708100
"Jan 29, 2019",3191.86,3196.09,3176.13,3187.69,3187.69,189966800
"Jan 28, 2019",3203.78,3218.44,3194.68,3199.5,3199.5,157150000
"Jan 25, 2019",3196.68,3220.68,3194.49,3202.25,3202.25,202458400
"Jan 24, 2019",3174.59,3190.73,3153.61,3190.73,3190.73,218818600
"Jan 23, 2019",3185.69,3193.89,3165.09,3171.11,3171.11,211214300
"Jan 22, 2019",3218.95,3218.95,3192.71,3192.71,3192.71,139395300
"Jan 21, 2019",3233.72,3250.27,3220.56,3220.56,3220.56,183641800
"Jan 18, 2019",3221.43,3233.7,3217.24,3224.34,3224.34,161176100
"Jan 17, 2019",3231.55,3235.14,3208.88,3214.44,3214.44,177126100
"Jan 16, 2019",3220.23,3230.77,3211.56,3229.11,3229.11,215075900
"Jan 15, 2019",3191.35,3223.61,3190.71,3212.3,3212.3,294318600
"Jan 14, 2019",3205.15,3205.72,3173.46,3173.46,3173.46,154763300
"Jan 11, 2019",3198.76,3209.65,3191.72,3198.65,3198.65,185756900
"Jan 10, 2019",3154.65,3183.51,3147.71,3183.51,3183.51,259063800
"Jan 09, 2019",3141.98,3159.31,3139.03,3158.07,3158.07,254304400
"Jan 08, 2019",3108.38,3126.64,3099.33,3122.94,3122.94,180645400
"Jan 07, 2019",3101.26,3104.32,3084.88,3102.8,3102.8,238077400
"Jan 04, 2019",2994.02,3059.23,2993.42,3059.23,3059.23,180767500
"Jan 03, 2019",3022.27,3041.03,3002.4,3012.88,3012.88,200782100
"Jan 02, 2019",3072.99,3081.01,3028.84,3038.89,3038.89,163939400
"Jan 01, 2019",-,-,-,-,-,-
"Dec 31, 2018",3064.09,3070.49,3061.53,3068.76,3068.76,77867700
"Dec 28, 2018",3049.63,3069.19,3039.85,3053.43,3053.43,100766100
"Dec 27, 2018",3055.43,3076.1,3041.91,3044.74,3044.74,141061200
"Dec 26, 2018",3001.53,3022.24,3000.45,3011.15,3011.15,108588600
"Dec 24, 2018",3026.86,3051.06,3022.47,3051.06,3051.06,73987400
"Dec 21, 2018",3031.19,3070.09,3028.25,3046.04,3046.04,320738400
"Dec 20, 2018",3041.92,3064.09,3036.91,3050.62,3050.62,193152600
"Dec 19, 2018",3045.91,3065.37,3042.44,3058.65,3058.65,187643000
"Dec 18, 2018",3077.89,3080.77,3045.54,3045.54,3045.54,226543300
"Dec 17, 2018",3091.78,3124.59,3090.92,3114.25,3114.25,192313200
"Dec 14, 2018",3087.46,3094.27,3067.3,3077.09,3077.09,173439100
"Dec 13, 2018",3104.07,3125.1,3102.44,3111.08,3111.08,198705000
"Dec 12, 2018",3075.62,3101.1,3073.02,3099.99,3099.99,206232500
"Dec 11, 2018",3062.44,3075.27,3053.99,3059.28,3059.28,196593600
"Dec 10, 2018",3087.28,3087.28,3064.02,3072.44,3072.44,146367600
"Dec 07, 2018",3149.5,3149.71,3111.12,3111.12,3111.12,188235200
"Dec 06, 2018",3133.8,3134.65,3105.63,3115.52,3115.52,193930700
"Dec 05, 2018",3132.64,3155.92,3127.7,3155.92,3155.92,184362800
"Dec 04, 2018",3189.53,3190.08,3151.72,3167.79,3167.79,223581400
"Dec 03, 2018",3154.22,3192.88,3153.71,3190.62,3190.62,293488400
"Nov 30, 2018",3117.91,3130.81,3110.34,3117.61,3117.61,373305300
"Nov 29, 2018",3123.8,3132.42,3106.96,3109.44,3109.44,227537400
"Nov 28, 2018",3101.1,3101.18,3078.93,3094.48,3094.48,226661700
"Nov 27, 2018",3085.74,3105.8,3074.21,3090.4,3090.4,254111700
"Nov 26, 2018",3057.28,3093.38,3056.39,3093.38,3093.38,152645400
"Nov 23, 2018",3037.68,3056.11,3034.12,3052.49,3052.49,91643700
"Nov 22, 2018",3052.8,3054.16,3032.79,3041.38,3041.38,136029000
"Nov 21, 2018",3010.09,3049.24,3007.31,3038.65,3038.65,167973700
"Nov 20, 2018",3035.09,3042.94,3023.68,3026.99,3026.99,198331700
"Nov 19, 2018",3084.34,3084.71,3054.95,3065.07,3065.07,150120200
"Nov 16, 2018",3069.34,3087.9,3060.97,3083.6,3083.6,191693900
"Nov 15, 2018",3042.7,3065.33,3031.9,3054.53,3054.53,230063900
"Nov 14, 2018",3049.31,3053.32,3031.47,3043.19,3043.19,198025200
"Nov 13, 2018",3027.91,3056.28,3026.08,3053.6,3053.6,243232400
"Nov 12, 2018",3060.3,3089.82,3059.32,3068.15,3068.15,153580200
"Nov 09, 2018",3078.38,3079.41,3059.2,3077.97,3077.97,259115700
"Nov 08, 2018",3089.04,3097.59,3079.96,3093.24,3093.24,277292100
"Nov 07, 2018",3084.5,3092.95,3060.88,3065.36,3065.36,216617300
"Nov 05, 2018",3087.51,3091.91,3056.42,3060.62,3060.62,167751300
"Nov 02, 2018",3081.67,3121.27,3077.5,3116.39,3116.39,318268000
"Nov 01, 2018",3045.68,3061.49,3040.93,3060.85,3060.85,223632900
"Oct 31, 2018",2978.99,3020.49,2978.66,3018.8,3018.8,304262100
"Oct 30, 2018",2969.51,2974.85,2961.23,2966.45,2966.45,184466100
"Oct 29, 2018",2989.63,3005.03,2978.64,2981.54,2981.54,226254900
"Oct 26, 2018",3004.35,3006.92,2955.68,2972.02,2972.02,315235500
"Oct 25, 2018",2992,3012.84,2984.47,3012.84,3012.84,294249600
"Oct 24, 2018",3044.33,3053.07,3031.94,3032.08,3032.08,225756600
"Oct 23, 2018",3057.65,3061.12,3029.6,3031.39,3031.39,204883900
"Oct 22, 2018",3057.31,3078.06,3057.16,3078.06,3078.06,205654400
"Oct 19, 2018",3046.87,3073.21,3046.7,3062.51,3062.51,282437400
"Oct 18, 2018",3064.06,3074.74,3050.64,3069.67,3069.67,205641300
"Oct 17, 2018",3077.86,3087.84,3071.1,3071.1,3071.1,273984900
"Oct 16, 2018",3053.24,3058.97,3030.21,3034.31,3034.31,259212700
"Oct 15, 2018",3067.8,3067.8,3045.53,3045.97,3045.97,211328500
"Oct 12, 2018",3055.17,3088.77,3043.28,3069.17,3069.17,340956300
"Oct 11, 2018",3074.77,3074.77,3035.2,3047.39,3047.39,392353300
"Oct 10, 2018",3169.33,3169.57,3129.5,3131.48,3131.48,238806700
"Oct 09, 2018",3180.6,3187.18,3160.85,3166.6,3166.6,206512500
"Oct 08, 2018",3198.24,3202.89,3179.82,3181.45,3181.45,175039800
"Oct 05, 2018",3224.35,3230.01,3198.72,3209.79,3209.79,175006800
"Oct 04, 2018",3246.97,3248.53,3226.86,3231.59,3231.59,218061500
"Oct 03, 2018",3257.31,3272.88,3252.39,3267.4,3267.4,242666800
"Oct 02, 2018",3248.5,3253.62,3231.56,3242.65,3242.65,170058800
"Oct 01, 2018",3262.43,3268.49,3246.79,3255.46,3255.46,163865600
"Sep 28, 2018",3250.31,3262.17,3244.51,3257.05,3257.05,304657000
"Sep 27, 2018",3244.2,3263.08,3232.21,3236.26,3236.26,205169500
"Sep 26, 2018",3248.81,3265.01,3237.91,3239.1,3239.1,174290000
"Sep 25, 2018",3229.9,3243.24,3226.49,3236.08,3236.08,170027500
"Sep 24, 2018",3215.69,3232.61,3213.28,3219.16,3219.16,149142400
"Sep 21, 2018",3206.94,3225.4,3199.89,3217.68,3217.68,387322000
"Sep 20, 2018",3180.43,3189.31,3172.64,3180.43,3180.43,166972000
"Sep 19, 2018",3143.46,3181.5,3139.49,3176.57,3176.57,205153800
"Sep 18, 2018",3122.88,3140.22,3110.79,3139.34,3139.34,201972700
"Sep 17, 2018",3149.71,3150.83,3133.37,3141.4,3141.4,132184200
"Sep 14, 2018",3146.22,3163.85,3142.96,3161.42,3161.42,199473600
"Sep 13, 2018",3129.92,3139.48,3114.74,3131.77,3131.77,213901000
"Sep 12, 2018",3106.99,3132.11,3102.73,3124.65,3124.65,216370900
"Sep 11, 2018",3115.47,3119.01,3103.94,3109.91,3109.91,178582800
"Sep 10, 2018",3131.2,3131.44,3105.36,3120.92,3120.92,201084200
"Sep 07, 2018",3133.97,3140.03,3119.89,3134.39,3134.39,227469900
"Sep 06, 2018",3158.83,3166.51,3139.99,3147.69,3147.69,237092000
"Sep 05, 2018",3199.63,3208.81,3151.83,3156.28,3156.28,190481700
"Sep 04, 2018",3205.58,3218.76,3203.02,3210.51,3210.51,150735000
"Sep 03, 2018",3209.97,3213.89,3193.86,3207.2,3207.2,246068400
"Aug 31, 2018",3200.37,3227.6,3199.34,3213.48,3213.48,359752000
"Aug 30, 2018",3247.14,3252.58,3217.32,3225.72,3225.72,201246300
"Aug 29, 2018",3251.01,3256.61,3239.44,3243.92,3243.92,149574600
"Aug 28, 2018",3244.26,3263.14,3239.27,3247.55,3247.55,206767400
"Aug 27, 2018",3223.41,3237.66,3222.12,3225.62,3225.62,170865900
"Aug 24, 2018",3239.09,3239.47,3211.48,3213,3213,208870900
"Aug 23, 2018",3230.19,3256.24,3229.93,3249.89,3249.89,343753700
"Aug 21, 2018",3194.18,3212.14,3187.83,3199.89,3199.89,171531200
"Aug 20, 2018",3211.08,3222.84,3200.54,3204.71,3204.71,212840600
"Aug 17, 2018",3233.88,3244.12,3203.33,3209.44,3209.44,249730800
"Aug 16, 2018",3220.85,3230.75,3207.25,3211.93,3211.93,215518400
"Aug 15, 2018",3240.93,3242.06,3217.89,3234.12,3234.12,301369600
"Aug 14, 2018",3243.27,3253.09,3231.97,3242.87,3242.87,229614300
"Aug 13, 2018",3267.94,3268.77,3239.32,3245.34,3245.34,281795600
"Aug 10, 2018",3295.73,3296.08,3273.57,3284.78,3284.78,276141400
"Aug 08, 2018",3336.22,3341.52,3308.72,3326.74,3326.74,300146700
"Aug 07, 2018",3297.91,3347.98,3297.78,3340,3340,273442600
"Aug 06, 2018",3284.68,3305.23,3278.15,3285.34,3285.34,270141900
"Aug 03, 2018",3300.59,3311.64,3264.61,3265.73,3265.73,193235300
"Aug 02, 2018",3329.01,3329.19,3278.84,3286.32,3286.32,185396800
"Aug 01, 2018",3331.05,3338.92,3308.9,3328.95,3328.95,204055600
"Jul 31, 2018",3284.4,3331.27,3284.22,3319.85,3319.85,331599000
"Jul 30, 2018",3314.55,3320.1,3301.12,3307.15,3307.15,124459600
"Jul 27, 2018",3332.92,3336.22,3310.74,3324.98,3324.98,156341600
"Jul 26, 2018",3328.44,3341.42,3322.82,3328.6,3328.6,228354100
"Jul 25, 2018",3304.55,3333.38,3301.85,3326.83,3326.83,230106400
"Jul 24, 2018",3295.32,3308.42,3286.43,3292.65,3292.65,244918900
"Jul 23, 2018",3294.52,3297.94,3278.14,3293.71,3293.71,172188700
"Jul 20, 2018",3291.44,3298.77,3281.34,3297.83,3297.83,193614800
"Jul 19, 2018",3255.95,3283.92,3249.73,3277.58,3277.58,176152000
"Jul 18, 2018",3251.28,3258.93,3239.93,3240.5,3240.5,235296000
"Jul 17, 2018",3240.35,3247.84,3226.05,3239.64,3239.64,221834100
"Jul 16, 2018",3260.83,3267.11,3231.09,3232.79,3232.79,164515600
"Jul 13, 2018",3257.53,3265.92,3251.85,3260.35,3260.35,186201000
"Jul 12, 2018",3247.86,3263.42,3240.22,3253.01,3253.01,249123500
"Jul 11, 2018",3239.43,3251.52,3220.15,3249.08,3249.08,261141100
"Jul 10, 2018",3250.17,3274.95,3249.3,3274.83,3274.83,306567400
"Jul 09, 2018",3197.79,3233.83,3196.15,3228.82,3228.82,280864000
"Jul 06, 2018",3232.96,3233.84,3176.26,3191.82,3191.82,382857200
"Jul 05, 2018",3247.37,3265.59,3239.14,3256.71,3256.71,205709700
"Jul 04, 2018",3230.59,3249.52,3224.62,3244.89,3244.89,213831300
"Jul 03, 2018",3245.67,3254.88,3218.62,3235.9,3235.9,260659600
"Jul 02, 2018",3277.43,3280.19,3231.68,3238.94,3238.94,203011000
"Jun 29, 2018",3269.2,3286.92,3251.12,3268.7,3268.7,283823700
"Jun 28, 2018",3245.92,3266.69,3244.18,3257.57,3257.57,247397500
"Jun 27, 2018",3281.71,3296.29,3251.36,3254.77,3254.77,268030900
"Jun 26, 2018",3245.79,3285.23,3237.77,3280.87,3280.87,236519400
"Jun 25, 2018",3279.53,3285.69,3246.92,3260.84,3260.84,228941000
"Jun 22, 2018",3289.43,3294.84,3270.15,3287.4,3287.4,257536600
"Jun 21, 2018",3315.23,3326.59,3299.05,3300,3300,223840100
"Jun 20, 2018",3309.93,3333.93,3297.67,3315.9,3315.9,235680600
"Jun 19, 2018",3324.99,3341.64,3297.25,3301.35,3301.35,318725300
"Jun 18, 2018",3314.08,3335.68,3299.81,3324.04,3324.04,300359000
"Jun 14, 2018",3380.37,3388.88,3345.18,3356.73,3356.73,452054000
"Jun 13, 2018",3429.86,3432.64,3388.92,3392.51,3392.51,236504100
"Jun 12, 2018",3438.58,3449.4,3428.54,3430.69,3430.69,213345100
"Jun 11, 2018",3450.07,3452.98,3427.14,3441.69,3441.69,213973500
"Jun 08, 2018",3460.26,3474.09,3432.18,3436.37,3436.37,308571100
"Jun 07, 2018",3488.25,3489.41,3460.49,3473.08,3473.08,264834800
"Jun 06, 2018",3483.32,3492.34,3460.29,3467.81,3467.81,343459700
"Jun 05, 2018",3479.78,3487.13,3472.48,3483.16,3483.16,277847100
"Jun 04, 2018",3441.2,3467.48,3441.2,3467.48,3467.48,188253100
"Jun 01, 2018",3423.5,3433.2,3417.86,3427.51,3427.51,401264800
"May 31, 2018",3476.46,3478.05,3428.18,3428.18,3428.18,1095623800
"May 30, 2018",3453.48,3467.08,3437.12,3443.95,3443.95,498593500
"May 28, 2018",3517.37,3529.26,3513.77,3518.48,3518.48,213020100
"May 25, 2018",3522.99,3532.36,3511.88,3513.23,3513.23,241831300
"May 24, 2018",3508.87,3532.92,3497.98,3528.92,3528.92,252752000
"May 23, 2018",3540.92,3541.39,3493.93,3496.27,3496.27,298827400
"May 22, 2018",3542.8,3563.14,3537.03,3543.18,3543.18,155616300
"May 21, 2018",3545.21,3569.36,3544.1,3548.23,3548.23,204954800
"May 18, 2018",3528.41,3534.55,3517.73,3529.27,3529.27,225534500
"May 17, 2018",3545.9,3550.62,3530.38,3536.76,3536.76,229202500
"May 16, 2018",3532.97,3552.92,3521.94,3533.05,3533.05,328512000
"May 15, 2018",3557.05,3566.75,3540.23,3540.23,3540.23,321305800
"May 14, 2018",3569.11,3574.21,3550.78,3562.46,3562.46,198150100
"May 11, 2018",3559.07,3576.18,3541.17,3570.17,3570.17,297399200
"May 10, 2018",3547.31,3551.28,3536.54,3537.59,3537.59,217457400
"May 09, 2018",3558.93,3562.42,3526.9,3548.54,3548.54,199980000
"May 08, 2018",3536.85,3550.07,3522.37,3543.17,3543.17,193948100
"May 07, 2018",3553.47,3554.9,3527.7,3532.86,3532.86,144668100
"May 04, 2018",3574.54,3575.5,3533.18,3545.38,3545.38,170783100
"May 03, 2018",3585.3,3587.69,3556.42,3575.68,3575.68,160865700
"May 02, 2018",3624.2,3641.65,3607.25,3615.28,3615.28,269337100
"Apr 30, 2018",3604.1,3628.43,3595.63,3613.93,3613.93,248192400
"Apr 27, 2018",3586.08,3588.3,3569.27,3577.21,3577.21,181278000
"Apr 26, 2018",3582.61,3582.61,3557.49,3570.02,3570.02,232937800
"Apr 25, 2018",3562.37,3574.91,3555.23,3568.01,3568.01,216440800
"Apr 24, 2018",3581.73,3587.23,3561.14,3584.56,3584.56,228881400
"Apr 23, 2018",3566.63,3591.84,3563.19,3579.54,3579.54,190044700
"Apr 20, 2018",3578.85,3596.54,3560.21,3573.38,3573.38,220890400
"Apr 19, 2018",3573.06,3604.06,3569.11,3598.73,3598.73,224492100
"Apr 18, 2018",3521.69,3560.38,3521.19,3557.82,3557.82,243690300
"Apr 17, 2018",3505.31,3509.68,3490.76,3498.2,3498.2,204009500
"Apr 16, 2018",3509.26,3509.48,3482.29,3497.19,3497.19,158102300
"Apr 13, 2018",3486.67,3506.8,3482.99,3501.3,3501.3,205209600
"Apr 12, 2018",3485.61,3493.66,3462.71,3468.61,3468.61,213983500
"Apr 11, 2018",3478.03,3488.33,3472.32,3479.76,3479.76,211508700
"Apr 10, 2018",3438.75,3473.84,3434.54,3466.38,3466.38,225296300
"Apr 09, 2018",3432.28,3456.81,3413.9,3449.96,3449.96,189309100
"Apr 06, 2018",3392.76,3449.4,3384.26,3442.5,3442.5,297512300
"Apr 05, 2018",3389.19,3422.64,3383.21,3405.65,3405.65,212442300
"Apr 04, 2018",3420.85,3421.02,3338.96,3339.7,3339.7,284555200
"Apr 03, 2018",3405.31,3412.15,3387.38,3412.15,3412.15,245906200
"Apr 02, 2018",3439.04,3443.88,3424.03,3430.76,3430.76,165121000
"Mar 29, 2018",3393.86,3440.42,3392.67,3427.97,3427.97,342422400
"Mar 28, 2018",3424.1,3424.1,3382.78,3382.78,3382.78,238862600
"Mar 27, 2018",3438.54,3443.43,3423.98,3439.35,3439.35,218497200
"Mar 26, 2018",3400.95,3430.2,3388.9,3412.46,3412.46,248681800
"Mar 23, 2018",3436,3436.08,3394.55,3421.39,3421.39,342844800
"Mar 22, 2018",3523.83,3526.25,3485.47,3491.37,3491.37,154582800
"Mar 21, 2018",3516.32,3523.87,3503.26,3511.13,3511.13,166085700
"Mar 20, 2018",3484.42,3516.4,3481.8,3513.31,3513.31,164752200
"Mar 19, 2018",3515.95,3515.95,3493.52,3498.29,3498.29,140761600
"Mar 16, 2018",3514.7,3519.54,3501.81,3512.14,3512.14,301769600
"Mar 15, 2018",3520.81,3535.11,3506.45,3517.73,3517.73,233471100
"Mar 14, 2018",3541.39,3548.94,3523.65,3539.41,3539.41,210271600
"Mar 13, 2018",3533.53,3555.98,3530.96,3553.73,3553.73,250688100
"Mar 12, 2018",3519.25,3551.78,3517.73,3540.19,3540.19,194535500
"Mar 09, 2018",3494.43,3495.09,3476.24,3485.57,3485.57,208834200
"Mar 08, 2018",3462.33,3483.79,3461.9,3480.44,3480.44,191360100
"Mar 07, 2018",3467.75,3483.08,3447.55,3450.69,3450.69,293327200
"Mar 06, 2018",3475.4,3494.85,3471.84,3491.92,3491.92,246586700
"Mar 05, 2018",3490.06,3492.5,3429.45,3438.61,3438.61,330009100
"Mar 02, 2018",3479.54,3491.53,3470.87,3479.2,3479.2,229259500
"Mar 01, 2018",3493.44,3513.85,3481.36,3513.85,3513.85,255478100
"Feb 28, 2018",3565.21,3565.21,3505.09,3517.94,3517.94,396896600
"Feb 27, 2018",3566.97,3574.59,3540.39,3540.39,3540.39,335034600
"Feb 26, 2018",3543.27,3561.01,3535.91,3555.85,3555.85,273591200
"Feb 23, 2018",3509.05,3542.49,3508.85,3533.22,3533.22,254263200
"Feb 22, 2018",3503.09,3506.24,3482.41,3488.46,3488.46,324523200
"Feb 21, 2018",3474.34,3520.68,3472.94,3516.23,3516.23,285167600
"Feb 20, 2018",3483.35,3485.38,3463.93,3476.53,3476.53,258431200
"Feb 19, 2018",3462.11,3491.42,3457.54,3487.88,3487.88,221099500
"Feb 15, 2018",3415.97,3445.88,3415.51,3443.51,3443.51,261989200
"Feb 14, 2018",3431.61,3436.9,3402.86,3402.86,3402.86,271836000
"Feb 13, 2018",3404.07,3438.25,3399.82,3415.07,3415.07,299175500
"Feb 12, 2018",3384.98,3400.36,3372.7,3384.98,3384.98,308785500
"Feb 09, 2018",3354.84,3382.66,3340.55,3377.24,3377.24,389194700
"Feb 08, 2018",3421.3,3426.02,3376.81,3415.9,3415.9,424389600
"Feb 07, 2018",3445.83,3460.2,3377.19,3383.77,3383.77,389531100
"Feb 06, 2018",3414,3414.24,3353.96,3406.38,3406.38,492599900
"Feb 05, 2018",3483.07,3491,3470.12,3482.93,3482.93,274785700
"Feb 02, 2018",3545.18,3545.71,3522.65,3529.82,3529.82,362177000
"Feb 01, 2018",3536.93,3556.66,3528.33,3547.23,3547.23,320264200
"Jan 31, 2018",3531.47,3544.78,3526.14,3533.99,3533.99,321472200
"Jan 30, 2018",3563.94,3575.76,3548.74,3548.74,3548.74,241878300
"Jan 29, 2018",3577.42,3591.18,3575.79,3577.07,3577.07,170754600
"Jan 26, 2018",3574.09,3576.34,3561.19,3567.14,3567.14,191088300
"Jan 25, 2018",3609.52,3609.63,3565.27,3572.62,3572.62,229402200
"Jan 24, 2018",3591.48,3611.69,3581.33,3609.24,3609.24,245008800
"Jan 23, 2018",3577.22,3594.7,3575.98,3592.08,3592.08,242361500
"Jan 22, 2018",3551.96,3569.43,3541.98,3569.43,3569.43,189305400
"Jan 19, 2018",3515.52,3552.04,3514.71,3550.36,3550.36,258370000
"Jan 18, 2018",3555.54,3561.45,3517.9,3521.31,3521.31,240944000
"Jan 17, 2018",3543.36,3549.22,3534.89,3541.91,3541.91,252108000
"Jan 16, 2018",3537.08,3557.04,3527.73,3550.21,3550.21,160556500
"Jan 15, 2018",3532.01,3539.17,3528.64,3536.41,3536.41,175325000
"Jan 12, 2018",3527.55,3530.69,3516.73,3520.56,3520.56,209787100
"Jan 11, 2018",3523.94,3523.94,3511.62,3512.68,3512.68,153866500
"Jan 10, 2018",3518.76,3523.46,3511.03,3520.45,3520.45,184379900
"Jan 09, 2018",3514.76,3531.56,3514.52,3524.65,3524.65,183381400
"Jan 08, 2018",3498.62,3514.76,3494.54,3512.18,3512.18,134677200
"Jan 05, 2018",3502.34,3503.68,3480.22,3489.45,3489.45,191860800
"Jan 04, 2018",3476.43,3501.16,3465.95,3501.16,3501.16,395236400
"Jan 03, 2018",3434.7,3468.19,3432.87,3464.28,3464.28,180679600
"Jan 02, 2018",3406.48,3433.82,3403.87,3430.3,3430.3,174729900
"Dec 29, 2017",3400.91,3407.26,3390.47,3402.92,3402.92,184812500
"Dec 28, 2017",3391.61,3404.81,3390.86,3399.1,3399.1,103737300
"Dec 27, 2017",3383.38,3396.78,3380.92,3391.67,3391.67,92757900
"Dec 26, 2017",3383.98,3386.06,3370.22,3378.16,3378.16,98619000
"Dec 22, 2017",3390.3,3397.07,3380.64,3385.71,3385.71,158486300
"Dec 21, 2017",3389.18,3395.63,3381.45,3382.53,3382.53,148152500
"Dec 20, 2017",3403.7,3406.75,3389.01,3394.87,3394.87,181017500
"Dec 19, 2017",3422.01,3426.23,3404.47,3404.47,3404.47,176203000
"Dec 18, 2017",3422.9,3427.65,3404.12,3414.82,3414.82,155148400
"Dec 15, 2017",3416.29,3424.54,3412.23,3416.94,3416.94,230889000
"Dec 14, 2017",3469.28,3469.36,3428.38,3435.78,3435.78,151223900
"Dec 13, 2017",3459.93,3469.07,3451,3468.77,3468.77,189230800
"Dec 12, 2017",3459.65,3465.54,3447.49,3465.54,3465.54,148691200
"Dec 11, 2017",3430.2,3463.02,3428.24,3460.45,3460.45,171724800
"Dec 08, 2017",3394.39,3431.64,3394.39,3424.64,3424.64,195897100
"Dec 07, 2017",3401.58,3409.62,3377.96,3388.14,3388.14,206863100
"Dec 06, 2017",3426.59,3429.41,3387.73,3397.21,3397.21,226998300
"Dec 05, 2017",3435.89,3455.97,3431.13,3438.06,3438.06,208932500
"Dec 04, 2017",3449.48,3454.12,3434.19,3438.47,3438.47,136880300
"Dec 01, 2017",3441.85,3462.78,3440.26,3449.54,3449.54,219861300
"Nov 30, 2017",3429.07,3441.19,3419.74,3433.54,3433.54,499199200
"Nov 29, 2017",3447.8,3449.32,3431.61,3438.99,3438.99,168706600
"Nov 28, 2017",3435.71,3443.64,3427.55,3442.35,3442.35,218413300
"Nov 27, 2017",3442.89,3445.62,3431.33,3436.36,3436.36,140315400
"Nov 24, 2017",3430.08,3445.03,3421.86,3442.15,3442.15,142429600
"Nov 23, 2017",3439.04,3440.58,3417.26,3423.17,3423.17,146187100
"Nov 22, 2017",3433.73,3442.78,3430.02,3430.02,3430.02,190297800
"Nov 21, 2017",3394.16,3429.79,3392.87,3423.38,3423.38,223376000
"Nov 20, 2017",3382.58,3390.97,3374.9,3386.59,3386.59,175272100
"Nov 17, 2017",3365.7,3385.33,3363.48,3382.38,3382.38,217866900
"Nov 16, 2017",3368.95,3376.12,3341.3,3341.3,3341.3,242931800
"Nov 15, 2017",3390.96,3396.08,3366.61,3368.7,3368.7,218458100
"Nov 14, 2017",3422.04,3422.46,3393.66,3399.09,3399.09,315691000
"Nov 13, 2017",3414.92,3428.66,3413.67,3419.13,3419.13,203279700
"Nov 10, 2017",3409.57,3431.07,3403.99,3420.1,3420.1,242103000
"Nov 09, 2017",3420.26,3429.21,3409.11,3423.91,3423.91,268011800
"Nov 08, 2017",3409.33,3422.84,3402.35,3421.25,3421.25,206773100
"Nov 07, 2017",3389.89,3416.73,3389.89,3413.1,3413.1,217255400
"Nov 06, 2017",3380.36,3384.2,3368.1,3381.85,3381.85,171041200
"Nov 03, 2017",3382.25,3383.6,3366.93,3382.31,3382.31,150918600
"Nov 02, 2017",3384.08,3393.93,3358.39,3380.5,3380.5,158347000
"Nov 01, 2017",3377.19,3395.76,3374.58,3391.61,3391.61,272873100
"Oct 31, 2017",3364,3382.12,3364,3374.08,3374.08,245333300
"Oct 30, 2017",3385.6,3392.15,3369.22,3375.97,3375.97,202829700
"Oct 27, 2017",3361.21,3386.44,3360.76,3386.44,3386.44,275317000
"Oct 26, 2017",3331.68,3356.42,3331.68,3356.25,3356.25,223698200
"Oct 25, 2017",3328.82,3344.5,3327.18,3343.88,3343.88,173928300
"Oct 24, 2017",3348.45,3354.73,3333.41,3334.67,3334.67,172080300
"Oct 23, 2017",3348.66,3360.95,3340.76,3349.8,3349.8,173685000
"Oct 20, 2017",3343.14,3347.08,3333.23,3340.73,3340.73,180992000
"Oct 19, 2017",3340.42,3354.27,3324.56,3334.91,3334.91,269402600
"Oct 17, 2017",3328.6,3342.37,3322.82,3329.03,3329.03,169164800
"Oct 16, 2017",3323.24,3333.98,3317.74,3323.06,3323.06,204417700
"Oct 13, 2017",3304.81,3326.67,3303.3,3319.11,3319.11,240536200
"Oct 12, 2017",3292.9,3306.36,3287.23,3303.09,3303.09,208903500
"Oct 11, 2017",3294.63,3301.07,3272.36,3280.28,3280.28,208401900
"Oct 10, 2017",3292.37,3296.09,3278.43,3288.95,3288.95,165609200
"Oct 09, 2017",3296.49,3300.88,3279.32,3291.56,3291.56,199046900
"Oct 06, 2017",3267.8,3291.29,3264.48,3291.29,3291.29,221696700
"Oct 05, 2017",3235.29,3264.62,3233.85,3261.84,3261.84,182505900
"Oct 04, 2017",3245.35,3247.02,3230.81,3236.65,3236.65,208823200
"Oct 03, 2017",3269.49,3270.08,3232.06,3246.08,3246.08,175651200
"Oct 02, 2017",3233.95,3264.89,3231.23,3262.1,3262.1,159092800
"Sep 29, 2017",3222.72,3225.26,3200.73,3219.91,3219.91,237131000
"Sep 28, 2017",3242.95,3250.06,3220.07,3227.14,3227.14,192731600
"Sep 27, 2017",3207.3,3242.37,3205.67,3236.15,3236.15,158173600
"Sep 26, 2017",3212.93,3217.31,3202.77,3212.04,3212.04,163440200
"Sep 25, 2017",3231.86,3234.2,3213.68,3215.91,3215.91,151588700
"Sep 22, 2017",3206.51,3222.05,3201.1,3220.25,3220.25,180617000
"Sep 21, 2017",3207.61,3218.8,3203.92,3213.82,3213.82,199014400
"Sep 20, 2017",3220.77,3227.42,3213.66,3218.07,3218.07,136644200
"Sep 19, 2017",3249.28,3251.47,3220.56,3225.95,3225.95,183507100
"Sep 18, 2017",3230.38,3246.49,3225.48,3241.85,3241.85,179683900
"Sep 15, 2017",3211.27,3221.02,3193.41,3209.56,3209.56,285465800
"Sep 14, 2017",3229.16,3230.39,3209.5,3220.95,3220.95,202895700
"Sep 13, 2017",3234.84,3237.19,3221.1,3230.36,3230.36,188338200
"Sep 12, 2017",3240.68,3240.94,3226.23,3235.69,3235.69,178672000
"Sep 11, 2017",3239.29,3240.9,3222.11,3228.51,3228.51,194211500
"Sep 08, 2017",3226.65,3236.36,3218.34,3228.56,3228.56,185213300
"Sep 07, 2017",3241.94,3254.44,3226.9,3228.06,3228.06,192364400
"Sep 06, 2017",3250.38,3254.89,3223.83,3232.47,3232.47,207994200
"Sep 05, 2017",3238.03,3258.74,3236.93,3251.26,3251.26,151045000
"Sep 04, 2017",3274.39,3275.14,3227.36,3230.97,3230.97,271550600
"Aug 31, 2017",3288.56,3288.94,3274.97,3277.26,3277.26,404476500
"Aug 30, 2017",3259.13,3269.74,3258.12,3265.26,3265.26,201047000
"Aug 29, 2017",3255.87,3263.39,3244.55,3249.34,3249.34,171885800
"Aug 28, 2017",3255.52,3273.27,3252.29,3267.62,3267.62,128766800
"Aug 25, 2017",3276.41,3276.47,3257.8,3259.57,3259.57,166759900
"Aug 24, 2017",3267.57,3276.22,3264.8,3272.16,3272.16,166415500
"Aug 23, 2017",3266.29,3278.54,3260,3260.05,3260.05,204268800
"Aug 22, 2017",3254.39,3275.98,3252.13,3263.79,3263.79,200273100
"Aug 21, 2017",3254.88,3261.63,3244.23,3246.99,3246.99,186593400
"Aug 18, 2017",3256.25,3270.26,3249.37,3251.99,3251.99,224816600
"Aug 17, 2017",3267.35,3271.71,3258.66,3268.88,3268.88,241304000
"Aug 16, 2017",3281.8,3284.89,3259.4,3278.95,3278.95,208564600
"Aug 15, 2017",3319.84,3322.5,3291.06,3294.93,3294.93,202051100
"Aug 14, 2017",3296.44,3310.48,3293.78,3308.69,3308.69,222533000
"Aug 11, 2017",3293.75,3297.23,3277.02,3279.72,3279.72,301887000
"Aug 10, 2017",3322.07,3342.8,3316.56,3323.24,3323.24,332846600
"Aug 08, 2017",3325.28,3330.75,3307.64,3318.08,3318.08,227134600
"Aug 07, 2017",3329.43,3337.95,3314.39,3320.67,3320.67,149145400
"Aug 04, 2017",3346.62,3346.62,3326.52,3326.52,3326.52,218211600
"Aug 03, 2017",3335.67,3343.71,3331.72,3342.92,3342.92,235960800
"Aug 02, 2017",3337.57,3349.09,3321.65,3348.8,3348.8,231170200
"Aug 01, 2017",3321.5,3338.26,3321.5,3338.2,3338.2,230723200
"Jul 31, 2017",3338.17,3339.09,3319.57,3329.52,3329.52,285494700
"Jul 28, 2017",3342.42,3347.06,3319.41,3330.75,3330.75,217084200
"Jul 27, 2017",3342.77,3354.71,3340.21,3354.71,3354.71,260664100
"Jul 26, 2017",3336.76,3347.53,3324.19,3336.72,3336.72,266022000
"Jul 25, 2017",3314.29,3332.55,3313.67,3327.83,3327.83,231504300
"Jul 24, 2017",3307.18,3314.96,3294.66,3310.8,3310.8,160153200
"Jul 21, 2017",3292.84,3319.36,3290.93,3314.12,3314.12,273014600
"Jul 20, 2017",3326.82,3331.13,3287.46,3293.13,3293.13,265983800
"Jul 19, 2017",3303.01,3327.8,3299.13,3325.07,3325.07,299636400
"Jul 18, 2017",3291.71,3308.27,3289.45,3306.08,3306.08,232893700
"Jul 17, 2017",3296.46,3301.37,3287.56,3298.24,3298.24,266598100
"Jul 14, 2017",3240.18,3287.43,3236.32,3287.43,3287.43,411528900
"Jul 13, 2017",3219.18,3235.67,3219.18,3235.67,3235.67,230527800
"Jul 12, 2017",3219.67,3223.36,3196.14,3208.91,3208.91,263748800
"Jul 11, 2017",3248.55,3249.49,3212.89,3218.8,3218.8,256984800
"Jul 10, 2017",3237.42,3248.05,3232.96,3246.35,3246.35,163190200
"Jul 07, 2017",3219.42,3229.67,3210.1,3229.01,3229.01,182748200
"Jul 06, 2017",3248.89,3251.21,3222.26,3226.34,3226.34,221710400
"Jul 05, 2017",3209.86,3248.71,3199.98,3248.71,3248.71,228554000
"Jul 04, 2017",3231.26,3233.39,3204.52,3211.17,3211.17,185250500
"Jul 03, 2017",3228.91,3234.81,3213.69,3223.46,3223.46,182255900
"Jun 30, 2017",3243.79,3246.1,3221.84,3226.48,3226.48,258081200
"Jun 29, 2017",3234.36,3262.12,3234.33,3258.65,3258.65,219749900
"Jun 28, 2017",3217.5,3221.23,3203.75,3215.7,3215.7,209231900
"Jun 27, 2017",3216.57,3226.19,3211.52,3219.53,3219.53,190701400
"Jun 23, 2017",3223.6,3223.6,3200.21,3209.47,3209.47,286251200
"Jun 22, 2017",3206.11,3226.68,3202.73,3215.55,3215.55,215115400
"Jun 21, 2017",3213.67,3215.98,3196.49,3201.77,3201.77,215613800
"Jun 20, 2017",3249.42,3254.9,3226.43,3230.42,3230.42,202219100
"Jun 19, 2017",3239.08,3251.72,3238.49,3247.18,3247.18,141694600
"Jun 16, 2017",3235.18,3246.58,3224.19,3231.44,3231.44,295259100
"Jun 15, 2017",3243.94,3247.36,3226.75,3232.09,3232.09,224308800
"Jun 14, 2017",3262.82,3264.05,3242.53,3253.43,3253.43,200594800
"Jun 13, 2017",3253.57,3264.92,3252.62,3257.52,3257.52,189370900
"Jun 12, 2017",3256.71,3270.92,3243.26,3248.34,3248.34,201314800
"Jun 09, 2017",3243.03,3260.01,3239.98,3254.19,3254.19,191218700
"Jun 08, 2017",3236.41,3242.74,3226.64,3237.05,3237.05,157512800
"Jun 07, 2017",3237.61,3249.57,3230.49,3230.49,3230.49,197697500
"Jun 06, 2017",3237.51,3242.04,3229.59,3235.75,3235.75,176367700
"Jun 05, 2017",3242.35,3244.98,3229.26,3238.31,3238.31,193704600
"Jun 02, 2017",3242.73,3248.12,3233.59,3240.01,3240.01,183552600
"Jun 01, 2017",3214.12,3235.96,3211.1,3235.96,3235.96,264454300
"May 31, 2017",3202.12,3214.83,3199.83,3210.82,3210.82,431316200
"May 30, 2017",3215.71,3215.71,3195.82,3204.79,3204.79,157057400
"May 29, 2017",3217.25,3221.24,3211.09,3214.55,3214.55,159896600
"May 26, 2017",3227.38,3233.05,3217.67,3219.42,3219.42,189993400
"May 25, 2017",3231.3,3248.17,3229.52,3234.37,3234.37,228201600
"May 24, 2017",3230.6,3233.48,3220.68,3231.24,3231.24,178717600
"May 23, 2017",3220.86,3233.86,3216.18,3222.69,3222.69,210662500
"May 22, 2017",3216.18,3224.25,3208.95,3213.57,3213.57,212161800
"May 19, 2017",3217.84,3226.73,3213.76,3216.92,3216.92,215510700
"May 18, 2017",3192.79,3226.71,3189.7,3221.66,3221.66,248971000
"May 17, 2017",3220.47,3227.26,3207.48,3224.1,3224.1,224418500
"May 16, 2017",3259.14,3259.66,3224.74,3227.71,3227.71,275778200
"May 15, 2017",3262.26,3275.39,3255.2,3264.21,3264.21,313582100
"May 12, 2017",3267.97,3272.02,3253.54,3255.29,3255.29,305352200
"May 11, 2017",3261.08,3274.33,3257.42,3271.11,3271.11,343590900
"May 09, 2017",3247.41,3250.26,3237.69,3249.97,3249.97,228189900
"May 08, 2017",3240.44,3240.44,3226.06,3236.98,3236.98,283245900
"May 05, 2017",3228.27,3235.97,3214.87,3229.73,3229.73,223198600
"May 04, 2017",3236.14,3239.76,3218.41,3228.62,3228.62,229263000
"May 03, 2017",3224.21,3238.94,3221.75,3237.81,3237.81,166453900
"May 02, 2017",3183.43,3212.27,3183.41,3211.11,3211.11,254871500
"Apr 28, 2017",3172.91,3183.18,3170.14,3175.44,3175.44,301053800
"Apr 27, 2017",3172.84,3182.11,3164.54,3171.36,3171.36,212986900
"Apr 26, 2017",3164.12,3176.79,3161.99,3173.76,3173.76,261334100
"Apr 25, 2017",3145.26,3167.22,3143.22,3163.93,3163.93,250318600
"Apr 24, 2017",3156.89,3156.89,3129.26,3144.03,3144.03,211583200
"Apr 21, 2017",3150.09,3156.03,3138.93,3139.83,3139.83,207186200
"Apr 20, 2017",3119.92,3144.05,3117.97,3137.88,3137.88,234169000
"Apr 19, 2017",3129.74,3129.87,3113.9,3126.28,3126.28,254035100
"Apr 18, 2017",3159.88,3162.58,3134.28,3137.54,3137.54,183660900
"Apr 17, 2017",3159.19,3160.14,3136.93,3138.3,3138.3,149007400
"Apr 13, 2017",3162.52,3176.63,3160.28,3169.24,3169.24,172474100
"Apr 12, 2017",3170.58,3186.5,3165.22,3186.01,3186.01,314923600
"Apr 11, 2017",3180.02,3186.46,3164.21,3174.75,3174.75,218444800
"Apr 10, 2017",3177.27,3182.44,3170.18,3181.45,3181.45,204258400
"Apr 07, 2017",3171.22,3177.27,3144.5,3177.27,3177.27,222275900
"Apr 06, 2017",3167.6,3175.59,3157.36,3175.59,3175.59,193155100
"Apr 05, 2017",3176.91,3182.44,3157.03,3176.55,3176.55,234762300
"Apr 04, 2017",3182.32,3189.81,3175.15,3179.06,3179.06,193642700
"Apr 03, 2017",3180.27,3188.17,3179.62,3187.51,3187.51,272954600
"Mar 31, 2017",3172.06,3181.61,3171.49,3175.11,3175.11,310379200
"Mar 30, 2017",3184.44,3187.44,3168.27,3173.24,3173.24,198798300
"Mar 29, 2017",3166.77,3188.02,3166.21,3184.57,3184.57,223074100
"Mar 28, 2017",3139.8,3158.97,3139.04,3157.82,3157.82,215766700
"Mar 27, 2017",3122.05,3133.76,3112.39,3126.88,3126.88,186868600
"Mar 24, 2017",3129.18,3148.89,3124.47,3142.9,3142.9,224468900
"Mar 23, 2017",3125.18,3131.23,3117.63,3126.93,3126.93,180643400
"Mar 22, 2017",3128.26,3131.92,3114.33,3118.19,3118.19,224670400
"Mar 21, 2017",3170.48,3172.63,3156.77,3158.57,3158.57,147430600
"Mar 20, 2017",3162.21,3172.74,3147.89,3165.7,3165.7,205274700
"Mar 17, 2017",3168.92,3177.9,3164.45,3169.38,3169.38,378067400
"Mar 16, 2017",3155.32,3168.26,3150.16,3163.52,3163.52,294646700
"Mar 15, 2017",3133.41,3142.5,3116.34,3137.43,3137.43,235505100
"Mar 14, 2017",3147.94,3152.13,3135.02,3143.4,3143.4,223956500
"Mar 13, 2017",3139.04,3150.83,3132.23,3147.15,3147.15,200765700
"Mar 10, 2017",3114.75,3146.38,3106.98,3133.35,3133.35,246015000
"Mar 09, 2017",3135.71,3137.19,3114.67,3118.84,3118.84,204384200
"Mar 08, 2017",3128.45,3150.84,3127.19,3145.29,3145.29,265028400
"Mar 07, 2017",3121.18,3131.65,3120.21,3130.44,3130.44,253276600
"Mar 06, 2017",3121.96,3128.77,3109.89,3121.51,3121.51,205116400
"Mar 03, 2017",3121.2,3125.1,3104.33,3122.34,3122.34,250829800
"Mar 02, 2017",3147.97,3158.26,3123.33,3136.48,3136.48,335457000
"Mar 01, 2017",3106.3,3129.69,3104.59,3122.77,3122.77,252132000
"Feb 28, 2017",3095.48,3106.48,3089.91,3096.61,3096.61,371752300
"Feb 27, 2017",3101.18,3113.63,3094.9,3108.62,3108.62,235765000
"Feb 24, 2017",3136.24,3138.97,3110.9,3117.03,3117.03,236517000
"Feb 23, 2017",3119.81,3137.57,3114.79,3137.57,3137.57,379531900
"Feb 22, 2017",3104.12,3123.79,3101.25,3122.2,3122.2,308219500
"Feb 21, 2017",3100.93,3101.18,3086.57,3094.19,3094.19,240054000
"Feb 20, 2017",3106.81,3109.18,3092.82,3096.69,3096.69,208265200
"Feb 17, 2017",3099.2,3114.7,3099.2,3107.65,3107.65,268111900
"Feb 16, 2017",3088.84,3096.74,3079.11,3096.69,3096.69,297011000
"Feb 15, 2017",3081.3,3093.21,3077.64,3088.48,3088.48,355252600
"Feb 14, 2017",3093.91,3097.21,3064.59,3072.47,3072.47,238576100
"Feb 13, 2017",3107.64,3118.3,3105.58,3111.63,3111.63,283254300
"Feb 10, 2017",3090.56,3104.3,3088.72,3100.39,3100.39,339784100
"Feb 09, 2017",3067.14,3091.28,3067.14,3079.96,3079.96,256132900
"Feb 08, 2017",3069.2,3072.9,3055.8,3066.53,3066.53,-
"Feb 07, 2017",3053.05,3076.52,3052.3,3071.64,3071.64,-
"Feb 06, 2017",3047.69,3062.9,3040.66,3056.91,3056.91,-
"Feb 03, 2017",3047.08,3048.12,3030.65,3041.94,3041.94,-
"Feb 02, 2017",3063.95,3068.48,3036.76,3044.08,3044.08,-
"Feb 01, 2017",3045.94,3073.37,3041.47,3067.49,3067.49,-
"Jan 31, 2017",3053.7,3056.32,3031.18,3046.8,3046.8,-
"Jan 27, 2017",3064.55,3065.13,3054.64,3064.85,3064.85,-
"Jan 26, 2017",3049.86,3058.98,3044.78,3051.78,3051.78,-
"Jan 25, 2017",3057.98,3061.92,3033.25,3039.94,3039.94,-
"Jan 24, 2017",3024.67,3043.98,3022.53,3041.95,3041.95,-
"Jan 23, 2017",3010.86,3026.92,3008.02,3025.48,3025.48,-
"Jan 20, 2017",3006.44,3016.45,3003.8,3011.08,3011.08,-
"Jan 19, 2017",3004.29,3011.41,2995.15,3008.22,3008.22,-
"Jan 18, 2017",3000.8,3008.26,2988.07,3000.22,3000.22,-
"Jan 17, 2017",3009.92,3012.77,3000.86,3012.77,3012.77,-
"Jan 16, 2017",3024.61,3027.46,2999.53,3013.12,3013.12,-
"Jan 13, 2017",3001.06,3025.84,2999.01,3025.07,3025.07,-
"Jan 12, 2017",3010.71,3022.22,2991.41,2993,2993,-
"Jan 11, 2017",3009.73,3018.9,2995.43,3000.94,3000.94,-
"Jan 10, 2017",2972.93,3006.02,2971.37,3006.02,3006.02,-
"Jan 09, 2017",2962.13,2986.49,2961.97,2981.54,2981.54,-
"Jan 06, 2017",2964.82,2970.79,2954.86,2962.63,2962.63,-
"Jan 05, 2017",2941.47,2968.15,2936.52,2954.14,2954.14,-
"Jan 04, 2017",2897.18,2932.35,2897.18,2921.31,2921.31,-
"Jan 03, 2017",2887,2899.67,2869.66,2898.97,2898.97,-
"Dec 30, 2016",2898.26,2903.35,2880.76,2880.76,2880.76,-
"Dec 29, 2016",2885.16,2891.22,2878.18,2889.15,2889.15,-
"Dec 28, 2016",2885.68,2900.42,2884.55,2898.3,2898.3,-
"Dec 27, 2016",2861.6,2887.58,2857.91,2885.76,2885.76,-
"Dec 23, 2016",2869.45,2877.88,2866.17,2871.05,2871.05,-
"Dec 22, 2016",2899.65,2902.8,2874.18,2882.04,2882.04,-
"Dec 21, 2016",2912.38,2924.42,2901.7,2901.7,2901.7,-
"Dec 20, 2016",2917.11,2925.28,2903.47,2911.31,2911.31,-
"Dec 19, 2016",2930.01,2931.68,2910.53,2913.08,2913.08,-
"Dec 16, 2016",2934.29,2942.48,2930.32,2937.86,2937.86,-
"Dec 15, 2016",2938.15,2943.79,2921.99,2930.77,2930.77,-
"Dec 14, 2016",2963.28,2969.01,2952.75,2954.06,2954.06,-
"Dec 13, 2016",2952.84,2956.98,2939.56,2955.23,2955.23,-
"Dec 12, 2016",2960.12,2965.37,2937.15,2952.19,2952.19,-
"Dec 09, 2016",2957.53,2964.98,2949.87,2956.13,2956.13,-
"Dec 08, 2016",2965.33,2980.77,2956.03,2958.86,2958.86,-
"Dec 07, 2016",2957.42,2961.4,2948.49,2959.84,2959.84,-
"Dec 06, 2016",2943.3,2955.17,2941.62,2949.12,2949.12,-
"Dec 05, 2016",2918.89,2943.26,2914.68,2943.05,2943.05,-
"Dec 02, 2016",2930.34,2933.33,2914.89,2919.37,2919.37,-
"Dec 01, 2016",2913.65,2928.58,2912.23,2928.58,2928.58,-
"Nov 30, 2016",2915.42,2915.42,2894.99,2905.17,2905.17,-
"Nov 29, 2016",2881.78,2882.11,2867.87,2879.14,2879.14,-
"Nov 28, 2016",2864.11,2889.85,2862.15,2874.65,2874.65,-
"Nov 25, 2016",2845.47,2870.39,2844.35,2859.33,2859.33,-
"Nov 24, 2016",2834.4,2852.34,2813.78,2843.72,2843.72,-
"Nov 23, 2016",2834.11,2841.39,2828.55,2839.69,2839.69,-
"Nov 22, 2016",2835.91,2839.95,2822.2,2822.2,2822.2,-
"Nov 21, 2016",2836.9,2839.6,2816.67,2816.67,2816.67,-
"Nov 18, 2016",2817.45,2840.46,2814.11,2838.65,2838.65,-
"Nov 17, 2016",2797.93,2818.91,2795.47,2813.48,2813.48,-
"Nov 16, 2016",2803.63,2819.4,2793.64,2793.99,2793.99,-
"Nov 15, 2016",2778.73,2808.21,2778.07,2797.55,2797.55,-
"Nov 14, 2016",2807.34,2809.63,2780.96,2787.27,2787.27,-
"Nov 11, 2016",2822.12,2836.35,2803.85,2814.6,2814.6,-
"Nov 10, 2016",2822.87,2839.97,2819.9,2834.09,2834.09,-
"Nov 09, 2016",2837,2838.26,2760.97,2789.88,2789.88,-
"Nov 08, 2016",2813.91,2825.19,2798.99,2820.24,2820.24,-
"Nov 07, 2016",2800.53,2815.43,2793.45,2800.95,2800.95,-
"Nov 04, 2016",2797.63,2799.57,2784.26,2788.8,2788.8,-
"Nov 03, 2016",2801.6,2807.61,2789.56,2802.08,2802.08,-
"Nov 02, 2016",2799.13,2813.1,2796.71,2807.14,2807.14,-
"Nov 01, 2016",2814.08,2832.37,2811.68,2813.69,2813.69,-
"Oct 31, 2016",2795.13,2821.67,2794.85,2813.87,2813.87,-
"Oct 28, 2016",2823.71,2825.64,2806.31,2816.26,2816.26,-
"Oct 27, 2016",2831.14,2836.96,2820.82,2828.94,2828.94,-
"Oct 26, 2016",2845.53,2846.69,2825.07,2828.57,2828.57,-
"Oct 25, 2016",2854.36,2860.74,2851.26,2854.05,2854.05,-
"Oct 24, 2016",2842.46,2857.26,2834.07,2856.68,2856.68,-
"Oct 21, 2016",2842.46,2842.79,2818.87,2831.06,2831.06,-
"Oct 20, 2016",2853.82,2856.65,2834.85,2842.62,2842.62,-
"Oct 19, 2016",2830.07,2844.62,2824.8,2844.62,2844.62,-
"Oct 18, 2016",2815.73,2830.71,2814.91,2830.63,2830.63,-
"Oct 17, 2016",2811.42,2817.07,2793.55,2817.07,2817.07,-
"Oct 14, 2016",2805.05,2817.26,2803.82,2815.24,2815.24,-
"Oct 13, 2016",2805.17,2808.67,2783.33,2805.48,2805.48,-
"Oct 12, 2016",2841.04,2844.85,2813.71,2813.71,2813.71,-
"Oct 11, 2016",2872.79,2876.88,2849.12,2856.13,2856.13,-
"Oct 10, 2016",2869.85,2874.55,2863.33,2870.24,2870.24,-
"Oct 07, 2016",2890.69,2891.53,2867.53,2875.24,2875.24,-
"Oct 06, 2016",2896.55,2901.73,2883.91,2885.22,2885.22,-
"Oct 05, 2016",2871.49,2891.24,2870.45,2881.79,2881.79,-
"Oct 04, 2016",2871.17,2885.15,2870.66,2884.64,2884.64,-
"Oct 03, 2016",2879.85,2888.33,2861.95,2870.84,2870.84,-
"Sep 30, 2016",2859.7,2869.47,2847.3,2869.47,2869.47,-
"Sep 29, 2016",2870.09,2885.71,2868.08,2885.71,2885.71,-
"Sep 28, 2016",2863.38,2866.22,2849.82,2858.01,2858.01,-
"Sep 27, 2016",2833.04,2865.7,2831.87,2860.23,2860.23,-
"Sep 26, 2016",2851.74,2857,2840.65,2849.94,2849.94,-
"Sep 23, 2016",2853.65,2860.88,2826.6,2856.95,2856.95,-
"Sep 22, 2016",2876.35,2876.35,2836.5,2846.06,2846.06,-
"Sep 21, 2016",2845.28,2859.43,2837.48,2850.74,2850.74,-
"Sep 20, 2016",2844.32,2854.69,2840.95,2854.69,2854.69,-
"Sep 19, 2016",2830.67,2852.14,2824.88,2852.14,2852.14,-
"Sep 16, 2016",2810.43,2832.04,2810.43,2827.45,2827.45,-
"Sep 15, 2016",2798.43,2809.55,2791.38,2805.52,2805.52,-
"Sep 14, 2016",2819.34,2822.39,2800.07,2809.35,2809.35,-
"Sep 13, 2016",2829.41,2847.5,2815.48,2818.38,2818.38,-
"Sep 09, 2016",2878.3,2880.17,2863.47,2873.33,2873.33,-
"Sep 08, 2016",2894.38,2898.04,2878.56,2894.48,2894.48,-
"Sep 07, 2016",2899.02,2911.84,2887.06,2893.65,2893.65,-
"Sep 06, 2016",2856.47,2905.84,2854.4,2896.55,2896.55,-
"Sep 05, 2016",2828.49,2853.15,2827.31,2851.74,2851.74,-
"Sep 02, 2016",2807.43,2820.03,2795.24,2803.92,2803.92,-
"Sep 01, 2016",2821.93,2836.23,2809.52,2816.47,2816.47,-
"Aug 31, 2016",2822.68,2833.42,2816.64,2820.59,2820.59,-
"Aug 30, 2016",2846.18,2846.38,2823.91,2828.39,2828.39,-
"Aug 29, 2016",2844.21,2853.07,2828.82,2829.43,2829.43,-
"Aug 26, 2016",2876.58,2878.1,2854.13,2857.65,2857.65,-
"Aug 25, 2016",2868.64,2879.58,2865.92,2876.93,2876.93,-
"Aug 24, 2016",2845.3,2870.72,2843.12,2869.57,2869.57,-
"Aug 23, 2016",2841.6,2850.43,2834.87,2850.43,2850.43,-
"Aug 22, 2016",2843.76,2847.43,2831.15,2841.19,2841.19,-
"Aug 19, 2016",2848.44,2849,2835.56,2844.02,2844.02,-
"Aug 18, 2016",2840.09,2849.54,2830.1,2836.98,2836.98,-
"Aug 17, 2016",2855.57,2859.77,2841.46,2843.35,2843.35,-
"Aug 16, 2016",2879.12,2880.71,2858.8,2858.8,2858.8,-
"Aug 15, 2016",2857.72,2874.32,2855.82,2867.21,2867.21,-
"Aug 12, 2016",2881.34,2883.16,2856.94,2867.4,2867.4,-
"Aug 11, 2016",2858.6,2880.7,2853.29,2869.82,2869.82,-
"Aug 10, 2016",2876.4,2893.34,2869.25,2875.57,2875.57,-
"Aug 08, 2016",2850.86,2884.84,2849.07,2870.78,2870.78,-
"Aug 05, 2016",2837.65,2839.36,2821.61,2828.17,2828.17,-
"Aug 04, 2016",2839.11,2844.13,2826.35,2831.96,2831.96,-
"Aug 03, 2016",2828.52,2839.43,2810.88,2827.58,2827.58,-
"Aug 02, 2016",2869.94,2879.67,2847.98,2856.67,2856.67,-
"Aug 01, 2016",2875.59,2898.27,2874.38,2892.52,2892.52,-
"Jul 29, 2016",2887.35,2896.19,2865.66,2868.69,2868.69,-
"Jul 28, 2016",2928.58,2928.85,2911.09,2918.62,2918.62,-
"Jul 27, 2016",2935.58,2941.76,2924.85,2941.49,2941.49,-
"Jul 26, 2016",2917.17,2934.02,2902.26,2933.44,2933.44,-
"Jul 25, 2016",2951.34,2955.96,2929.85,2929.85,2929.85,-
"Jul 22, 2016",2925.64,2945.35,2925.05,2945.35,2945.35,-
"Jul 21, 2016",2946.37,2958.9,2936.46,2940.48,2940.48,-
"Jul 20, 2016",2934.73,2953.13,2917.14,2945.74,2945.74,-
"Jul 19, 2016",2927.51,2931.44,2902.41,2919.54,2919.54,-
"Jul 18, 2016",2930.64,2941.15,2923.75,2928.76,2928.76,-
"Jul 15, 2016",2932.35,2939.03,2915.15,2925.35,2925.35,-
"Jul 14, 2016",2910.85,2913.65,2903.17,2906.92,2906.92,-
"Jul 13, 2016",2914.79,2917.42,2899.92,2910.65,2910.65,-
"Jul 12, 2016",2882.95,2901.82,2878.1,2901.82,2901.82,-
"Jul 11, 2016",2882.28,2884.58,2868.8,2876.14,2876.14,-
"Jul 08, 2016",2859.47,2862.23,2830,2847.04,2847.04,-
"Jul 07, 2016",2859.81,2867.23,2854.21,2862.17,2862.17,-
"Jul 05, 2016",2870.84,2873.67,2854.16,2864.67,2864.67,-
"Jul 04, 2016",2855.36,2874.9,2842.32,2870.56,2870.56,-
"Jul 01, 2016",2848.45,2850.18,2832.55,2846.37,2846.37,-
"Jun 30, 2016",2880.72,2880.72,2831.72,2840.93,2840.93,-
"Jun 29, 2016",2769.06,2801.48,2767.44,2792.73,2792.73,-
"Jun 28, 2016",2705.07,2766.57,2703.48,2756.53,2756.53,-
"Jun 27, 2016",2722.16,2750.27,2709.56,2729.85,2729.85,-
"Jun 24, 2016",2807.71,2807.71,2715.76,2735.39,2735.39,-
"Jun 23, 2016",2806.84,2810.44,2793.85,2793.85,2793.85,-
"Jun 22, 2016",2797.33,2815.22,2786.13,2786.13,2786.13,-
"Jun 21, 2016",2801.74,2809.2,2788.64,2789.45,2789.45,-
"Jun 20, 2016",2785.16,2802.25,2782.72,2800.87,2800.87,-
"Jun 17, 2016",2770.63,2774.35,2748.65,2763.42,2763.42,-
"Jun 16, 2016",2768.95,2770.99,2744.31,2751.56,2751.56,-
"Jun 15, 2016",2760.8,2779.28,2759.02,2774.25,2774.25,-
"Jun 14, 2016",2770.96,2789.06,2763.53,2768.33,2768.33,-
"Jun 13, 2016",2786.35,2793.3,2771.86,2785.43,2785.43,-
"Jun 10, 2016",2850.05,2851.53,2812.5,2822.97,2822.97,-
"Jun 09, 2016",2871.79,2881.92,2843.8,2843.8,2843.8,-
"Jun 08, 2016",2857.46,2867.1,2846.5,2862.38,2862.38,-
"Jun 07, 2016",2844.8,2853.64,2840.12,2848.09,2848.09,-
"Jun 06, 2016",2819.07,2833.79,2816.89,2831.28,2831.28,-
"Jun 03, 2016",2808.51,2816.26,2803.53,2809.23,2809.23,-
"Jun 02, 2016",2789.15,2806.1,2787.87,2795.09,2795.09,-
"Jun 01, 2016",2787.99,2796.49,2778.65,2790.54,2790.54,-
"May 31, 2016",2829.33,2834.04,2791.06,2791.06,2791.06,-
"May 30, 2016",2796.15,2807.66,2786.95,2796.75,2796.75,-
"May 27, 2016",2782.04,2805.63,2778.22,2802.51,2802.51,-
"May 26, 2016",2783.85,2791.46,2772.23,2773.31,2773.31,-
"May 25, 2016",2786.18,2790.3,2766.66,2766.66,2766.66,-
"May 24, 2016",2760.74,2766.23,2742.65,2750.23,2750.23,-
"May 23, 2016",2761.79,2775.37,2740.82,2766.93,2766.93,-
"May 20, 2016",2744.38,2768.65,2738.03,2763.82,2763.82,-
"May 19, 2016",2771.22,2775.45,2731.48,2740.11,2740.11,-
"May 18, 2016",2764.11,2791.18,2759.5,2777.11,2777.11,-
"May 17, 2016",2744.26,2788.65,2744.08,2781.11,2781.11,-
"May 16, 2016",2726.31,2741.84,2721.7,2736.06,2736.06,-
"May 13, 2016",2735.69,2738.61,2713.47,2734.91,2734.91,-
"May 12, 2016",2729.14,2747.53,2723.92,2745.39,2745.39,-
"May 11, 2016",2758.98,2763.45,2720.77,2732.87,2732.87,-
"May 10, 2016",2746.47,2763.29,2736.18,2741.15,2741.15,-
"May 09, 2016",2745.36,2766.06,2734.31,2766.06,2766.06,-
"May 06, 2016",2747.06,2752.18,2722.6,2730.8,2730.8,-
"May 05, 2016",2754.64,2773.43,2749.84,2767.81,2767.81,-
"May 04, 2016",2786.35,2795.65,2761.93,2773.07,2773.07,-
"May 03, 2016",2842.86,2848.9,2806.32,2811.2,2811.2,-
"Apr 29, 2016",2860.07,2860.07,2834.51,2838.52,2838.52,-
"Apr 28, 2016",2892.85,2900.25,2857.16,2862.3,2862.3,-
"Apr 27, 2016",2890.41,2892.27,2869.77,2874.72,2874.72,-
"Apr 26, 2016",2888.38,2899.79,2873.52,2894.66,2894.66,-
"Apr 25, 2016",2930.61,2933.26,2886.25,2900.28,2900.28,-
"Apr 22, 2016",2936.58,2946.11,2930.06,2940.43,2940.43,-
"Apr 21, 2016",2952.13,2964.1,2941.7,2960.78,2960.78,-
"Apr 20, 2016",2955.07,2959.59,2929.71,2949.95,2949.95,-
"Apr 19, 2016",2930.42,2954.21,2928.7,2951.81,2951.81,-
"Apr 18, 2016",2901.4,2917.75,2892.74,2917.75,2917.75,-
"Apr 15, 2016",2917.35,2925.86,2905.06,2923.94,2923.94,-
"Apr 14, 2016",2910.13,2924.24,2909.04,2913.93,2913.93,-
"Apr 13, 2016",2838.18,2890.41,2835.85,2890.41,2890.41,-
"Apr 12, 2016",2810.73,2815.89,2802.65,2814.65,2814.65,-
"Apr 11, 2016",2797.36,2817.56,2794.15,2809.24,2809.24,-
"Apr 08, 2016",2789.59,2809.21,2783.42,2808.32,2808.32,-
"Apr 07, 2016",2817.8,2835.32,2809.56,2813.59,2813.59,-
"Apr 06, 2016",2798.92,2817.42,2788.8,2811.25,2811.25,-
"Apr 05, 2016",2810.54,2814.5,2783.73,2800.92,2800.92,-
"Apr 04, 2016",2826.42,2846.09,2817.51,2835.35,2835.35,158708700
"Apr 01, 2016",2820.66,2834.62,2807.87,2818.49,2818.49,-
"Mar 31, 2016",2832.63,2855.45,2831.11,2840.9,2840.9,-
"Mar 30, 2016",2839.66,2874.26,2836.93,2872.78,2872.78,-
"Mar 29, 2016",2836.42,2836.85,2816.52,2819.08,2819.08,-
"Mar 28, 2016",2851.39,2855.12,2821.26,2830.29,2830.29,-
"Mar 24, 2016",2875.19,2875.33,2840.24,2847.39,2847.39,-
"Mar 23, 2016",2888.67,2895.97,2874.15,2881.98,2881.98,-
"Mar 22, 2016",2884.84,2901.34,2868.95,2880.65,2880.65,-
"Mar 21, 2016",2905.49,2906.26,2867.01,2880.69,2880.69,-
"Mar 18, 2016",2888.75,2906.8,2886.35,2906.8,2906.8,-
"Mar 17, 2016",2872.13,2884.4,2865.81,2880.17,2880.17,-
"Mar 16, 2016",2845.09,2854.87,2833.08,2844.21,2844.21,-
"Mar 15, 2016",2851.92,2857.3,2828.68,2839.44,2839.44,-
"Mar 14, 2016",2849.41,2867.2,2841.51,2847.06,2847.06,-
"Mar 11, 2016",2807.94,2830.47,2789.63,2828.86,2828.86,-
"Mar 10, 2016",2828.14,2829.07,2798.7,2809.12,2809.12,-
"Mar 09, 2016",2783.64,2813.64,2770.26,2810.43,2810.43,-
"Mar 08, 2016",2821.99,2826.75,2773.19,2778.77,2778.77,-
"Mar 07, 2016",2843.66,2850.52,2809.72,2823.51,2823.51,-
"Mar 04, 2016",2792.96,2837,2791.82,2837,2837,-
"Mar 03, 2016",2735.42,2787.62,2735.42,2787.62,2787.62,-
"Mar 02, 2016",2718.27,2738.57,2713.14,2726.96,2726.96,-
"Mar 01, 2016",2666.71,2682.39,2654.98,2682.39,2682.39,-
"Feb 29, 2016",2666.07,2667.83,2638.75,2666.51,2666.51,-
"Feb 26, 2016",2626.63,2653.74,2618.36,2649.38,2649.38,-
"Feb 25, 2016",2639.98,2642.86,2588.83,2603.4,2603.4,-
"Feb 24, 2016",2654.65,2661.58,2614.49,2619.96,2619.96,-
"Feb 23, 2016",2680.04,2684.79,2665.06,2672.07,2672.07,-
"Feb 22, 2016",2653.79,2669.38,2652.92,2660.65,2660.65,-
"Feb 19, 2016",2660.62,2661.44,2642.84,2656.87,2656.87,-
"Feb 18, 2016",2646.68,2668.22,2643.09,2657.57,2657.57,-
"Feb 17, 2016",2652.55,2654.91,2607.15,2613.79,2613.79,-
"Feb 16, 2016",2602.83,2656.33,2585.53,2644.58,2644.58,-
"Feb 15, 2016",2565.95,2613.44,2561.44,2607.9,2607.9,-
"Feb 12, 2016",2536.55,2555.53,2531.79,2539.95,2539.95,-
"Feb 11, 2016",2556.52,2572.01,2537.11,2538.28,2538.28,-
"Feb 10, 2016",2559.64,2582.87,2538.79,2582.1,2582.1,-
"Feb 05, 2016",2569.08,2623.21,2568.38,2623.21,2623.21,-
"Feb 04, 2016",2561.91,2579.18,2554.08,2558.49,2558.49,-
"Feb 03, 2016",2551.23,2558.66,2528.44,2550.74,2550.74,-
"Feb 02, 2016",2587.23,2602.36,2578.27,2579.23,2579.23,-
"Feb 01, 2016",2637.05,2644.68,2597.06,2602.41,2602.41,-
"Jan 29, 2016",2569.76,2629.11,2553.78,2629.11,2629.11,-
"Jan 28, 2016",2541.57,2563.82,2540.71,2562.45,2562.45,-
"Jan 27, 2016",2579.14,2584.06,2546.18,2546.18,2546.18,-
"Jan 26, 2016",2565.81,2576.76,2539.74,2545.61,2545.61,-
"Jan 25, 2016",2601.84,2622.33,2580.36,2582.64,2582.64,-
"Jan 22, 2016",2578.99,2595.01,2549.44,2577.09,2577.09,-
"Jan 21, 2016",2581.11,2601.56,2529.01,2532.7,2532.7,-
"Jan 20, 2016",2612.53,2616.36,2557.84,2559.77,2559.77,-
"Jan 19, 2016",2585.99,2638.47,2582.31,2638.47,2638.47,-
"Jan 18, 2016",2593.6,2604.4,2578.09,2593,2593,-
"Jan 15, 2016",2656.87,2663.34,2626.81,2630.76,2630.76,-
"Jan 14, 2016",2655.05,2663.51,2642.01,2644.57,2644.57,-
"Jan 13, 2016",2712.69,2717.36,2670.4,2696.5,2696.5,-
"Jan 12, 2016",2709.57,2721.47,2687.91,2691.78,2691.78,-
"Jan 11, 2016",2725.1,2726.56,2690.26,2708.85,2708.85,-
"Jan 08, 2016",2710.33,2760.89,2697.94,2751.23,2751.23,-
"Jan 07, 2016",2797.18,2797.59,2726.92,2729.91,2729.91,-
"Jan 06, 2016",2838.56,2844.06,2800.78,2804.27,2804.27,-
"Jan 05, 2016",2836.8,2846.27,2820.42,2834.23,2834.23,-
"Jan 04, 2016",2889.23,2890.21,2824.94,2835.97,2835.97,-
"Dec 31, 2015",2893.19,2893.32,2879.25,2882.73,2882.73,-
"Dec 30, 2015",2894.31,2897.47,2868.81,2885.51,2885.51,-
"Dec 29, 2015",2880.91,2890.85,2877.22,2888.22,2888.22,-
"Dec 28, 2015",2883.8,2889.14,2869.69,2875.32,2875.32,-
"Dec 24, 2015",2872.33,2885.3,2870.02,2877.62,2877.62,-
"Dec 23, 2015",2859.14,2872,2858.66,2863.65,2863.65,-
"Dec 22, 2015",2852.19,2857.12,2846.42,2852.97,2852.97,-
"Dec 21, 2015",2830.92,2850.18,2827.75,2845.55,2845.55,-
"Dec 18, 2015",2832.44,2857.39,2831.1,2852.84,2852.84,-
"Dec 17, 2015",2843.7,2868.87,2833.57,2861.18,2861.18,-
"Dec 16, 2015",2833.15,2846.44,2823.64,2840.92,2840.92,-
"Dec 15, 2015",2808.63,2833.92,2800.71,2815.52,2815.52,-
"Dec 14, 2015",2819.78,2821.67,2793.39,2815.04,2815.04,-
"Dec 11, 2015",2850.71,2856.95,2833.93,2834.63,2834.63,-
"Dec 10, 2015",2858.82,2862.1,2841.74,2848.46,2848.46,-
"Dec 09, 2015",2870.64,2874.2,2860.02,2861.19,2861.19,-
"Dec 08, 2015",2885.39,2886.37,2865.64,2876.03,2876.03,-
"Dec 07, 2015",2896.87,2911.44,2895.77,2900.92,2900.92,-
"Dec 04, 2015",2863.32,2879.05,2856.51,2879.05,2879.05,-
"Dec 03, 2015",2864.36,2890.03,2857.49,2883.89,2883.89,-
"Dec 02, 2015",2885.98,2902.8,2880.86,2883.64,2883.64,-
"Dec 01, 2015",2862.79,2881.87,2858.1,2870.26,2870.26,-
"Nov 30, 2015",2871.05,2877.53,2855.94,2855.94,2855.94,-
"Nov 27, 2015",2875.01,2875.99,2843.95,2859.12,2859.12,-
"Nov 26, 2015",2903.32,2903.85,2880.73,2884.69,2884.69,-
"Nov 25, 2015",2926.56,2928.42,2886.89,2891.58,2891.58,-
"Nov 24, 2015",2902.71,2939.41,2898.82,2923.49,2923.49,-
"Nov 23, 2015",2924.1,2925.16,2903.49,2903.49,2903.49,-
"Nov 20, 2015",2915,2919.02,2892.31,2917.91,2917.91,-
"Nov 19, 2015",2907.13,2932.78,2906.82,2919.83,2919.83,-
"Nov 18, 2015",2905.5,2909.45,2884.03,2886.08,2886.08,-
"Nov 17, 2015",2934.38,2940.86,2910.17,2916.78,2916.78,-
"Nov 16, 2015",2902.91,2923.94,2885.6,2915.73,2915.73,-
"Nov 13, 2015",2938.69,2948.71,2919.1,2925.68,2925.68,-
"Nov 12, 2015",2973.33,2983.14,2955.35,2959.01,2959.01,-
"Nov 11, 2015",2999.32,3011.98,2980.82,2981.59,2981.59,-
"Nov 09, 2015",3014.8,3022.26,2989.23,2997.72,2997.72,-
"Nov 06, 2015",3022.52,3025.76,3006.51,3010.47,3010.47,-
"Nov 05, 2015",3029.44,3043.85,3017.87,3023.65,3023.65,-
"Nov 04, 2015",3010.85,3041.78,3008.9,3040.48,3040.48,-
"Nov 03, 2015",3001.72,3019.64,2999.56,2999.56,2999.56,-
"Nov 02, 2015",2976.72,2981.12,2948.42,2974.41,2974.41,-
"Oct 30, 2015",2975.74,3007.53,2975.74,2998.35,2998.35,-
"Oct 29, 2015",3050.6,3059.57,2997.65,3001.51,3001.51,-
"Oct 28, 2015",3043.45,3055.81,3035.76,3040.51,3040.51,-
"Oct 27, 2015",3074.2,3082.28,3049.55,3052.53,3052.53,-
"Oct 26, 2015",3092.31,3104.72,3081.91,3083.07,3083.07,-
"Oct 23, 2015",3070.94,3074.96,3061.65,3068.46,3068.46,-
"Oct 22, 2015",3026.4,3046.4,3025.87,3038.11,3038.11,-
"Oct 21, 2015",3034.7,3038.83,3016.76,3025.7,3025.7,-
"Oct 20, 2015",3024.82,3032.92,3012.6,3019.03,3019.03,-
"Oct 19, 2015",3023.53,3032.25,3013.65,3024.5,3024.5,-
"Oct 16, 2015",3032.85,3047.1,3021.48,3030.61,3030.61,-
"Oct 15, 2015",2996.15,3017.4,2994.75,3015.14,3015.14,-
"Oct 14, 2015",2981.24,3004.08,2960.86,2983.92,2983.92,-
"Oct 13, 2015",3021.86,3031.14,2984.78,2984.88,2984.88,-
"Oct 12, 2015",2991.59,3035.67,2979.63,3032.11,3032.11,-
"Oct 09, 2015",2968.17,3011.63,2963,2998.5,2998.5,-
"Oct 08, 2015",2978.03,2983.62,2938.88,2947.03,2947.03,-
"Oct 07, 2015",2897.06,2968.06,2882.85,2961.81,2961.81,-
"Oct 06, 2015",2882.5,2899.06,2876.12,2897.41,2897.41,-
"Oct 05, 2015",2826.07,2851.25,2822.28,2851.25,2851.25,-
"Oct 02, 2015",2796.36,2797.31,2765.44,2793.15,2793.15,-
"Oct 01, 2015",2795.4,2820.35,2792.84,2801.85,2801.85,-
"Sep 30, 2015",2778.59,2799.8,2772.26,2790.89,2790.89,-
"Sep 29, 2015",2762.64,2790.6,2740.36,2787.94,2787.94,-
"Sep 28, 2015",2823.09,2829.64,2780.74,2791.92,2791.92,-
"Sep 25, 2015",2829.68,2841.89,2816.76,2832.64,2832.64,-
"Sep 23, 2015",2859.58,2860.1,2827.19,2845.74,2845.74,-
"Sep 22, 2015",2890.11,2904.98,2862.72,2868.47,2868.47,-
"Sep 21, 2015",2855.04,2886.39,2854.67,2882.27,2882.27,-
"Sep 18, 2015",2893.21,2919.77,2879.59,2879.59,2879.59,487388400
"Sep 17, 2015",2877.59,2903.58,2877.23,2895.81,2895.81,286434400
"Sep 16, 2015",2862.06,2886.85,2855.78,2868.74,2868.74,309553700
"Sep 15, 2015",2854.72,2857.14,2837.59,2841.94,2841.94,434647900
"Sep 14, 2015",2887.41,2889.1,2871.2,2871.47,2871.47,223378900
"Sep 10, 2015",2885.8,2898.15,2868.15,2888.03,2888.03,194180600
"Sep 09, 2015",2901.07,2931.65,2890.84,2928.18,2928.18,278849300
"Sep 08, 2015",2859.94,2892.18,2829.2,2885.32,2885.32,254863800
"Sep 07, 2015",2842.28,2865.53,2832.65,2852.41,2852.41,188827500
"Sep 04, 2015",2888.89,2893.12,2859.32,2863.81,2863.81,248801500
"Sep 03, 2015",2878.94,2908.58,2878.47,2906.43,2906.43,130165600
"Sep 02, 2015",2897.76,2906.67,2877.49,2878.13,2878.13,252188900
"Sep 01, 2015",2915.53,2930.19,2878.11,2882.77,2882.77,270394000
"Aug 31, 2015",2987.18,2987.18,2921.44,2921.44,2921.44,335994700
"Aug 28, 2015",2984.55,2999.08,2947.37,2955.94,2955.94,338757700
"Aug 27, 2015",2915.18,2952.87,2909.78,2945.43,2945.43,439281700
"Aug 26, 2015",2859.66,2905.29,2847.17,2873,2873,373092100
"Aug 25, 2015",2809.55,2926.76,2808.31,2886.29,2886.29,594979100
"Aug 24, 2015",2918.24,2918.87,2843.39,2843.39,2843.39,424998800
"Aug 21, 2015",2961.58,2979.64,2947.87,2971.01,2971.01,348683700
"Aug 20, 2015",3023.47,3027.35,3000.93,3009.78,3009.78,280388500
"Aug 19, 2015",3056.17,3063.24,3039.14,3041.25,3041.25,364260000
"Aug 18, 2015",3076.86,3084.83,3049.65,3049.65,3049.65,302232500
"Aug 17, 2015",3114.56,3116.36,3067.35,3067.35,3067.35,269270700
"Aug 14, 2015",3094.9,3118.52,3092.58,3114.25,3114.25,228618200
"Aug 13, 2015",3068.91,3103.49,3063.6,3091.78,3091.78,331804700
"Aug 12, 2015",3099.63,3100.85,3057.62,3061.49,3061.49,503535200
"Aug 11, 2015",3213.49,3214.5,3148.34,3153.06,3153.06,644175100
"Aug 07, 2015",-,-,-,-,-,-
"Aug 06, 2015",3194.39,3196.66,3180.87,3196.66,3196.66,226060100
"Aug 05, 2015",3179.17,3198.32,3164.62,3191.39,3191.39,431119400
"Aug 04, 2015",3192.33,3193.54,3175.07,3191.04,3191.04,518830800
"Aug 03, 2015",3205.59,3217.13,3186.34,3192.79,3192.79,376860600
"Jul 31, 2015",3214.64,3217.86,3184.57,3202.5,3202.5,725642700
"Jul 30, 2015",3282.2,3284.29,3248.35,3249.52,3249.52,386411200
"Jul 29, 2015",3286.75,3299.96,3275.32,3284,3284,209558300
"Jul 28, 2015",3305.26,3306.63,3277.13,3281.09,3281.09,323690700
"Jul 27, 2015",3348.82,3348.83,3311.4,3313.42,3313.42,233175200
"Jul 24, 2015",3360.86,3366.52,3346.86,3352.65,3352.65,255771100
"Jul 23, 2015",3371.12,3375.97,3356.37,3356.37,3356.37,333250900
"Jul 22, 2015",3369.16,3377.65,3352.56,3359.17,3359.17,190123400
"Jul 21, 2015",3382.96,3383.56,3366.21,3371.41,3371.41,202014200
"Jul 20, 2015",3370,3376.23,3361.32,3373.48,3373.48,224756100
"Jul 16, 2015",3351.46,3358.09,3345.76,3353.45,3353.45,195164700
"Jul 15, 2015",3323.28,3342.33,3322.12,3338.86,3338.86,157448600
"Jul 14, 2015",3321.59,3330.23,3309.28,3316.5,3316.5,-
"Jul 13, 2015",3298.28,3316.37,3290.11,3311.22,3311.22,151685700
"Jul 10, 2015",3275,3291.41,3272.59,3279.88,3279.88,185123300
"Jul 09, 2015",3261.17,3289.28,3249.89,3267.4,3267.4,257116900
"Jul 08, 2015",3329.99,3335.37,3274.23,3284.99,3284.99,349488100
"Jul 07, 2015",3342.2,3346.48,3327.7,3340.93,3340.93,204421900
"Jul 06, 2015",3319.93,3334.79,3307.26,3332.94,3332.94,174041600
"Jul 03, 2015",3331.03,3348.3,3328.99,3342.73,3342.73,131999200
"Jul 02, 2015",3354.82,3357.95,3326.36,3327.84,3327.84,173471100
"Jul 01, 2015",3317.47,3342.04,3311.03,3331.14,3331.14,165755800
"Jun 30, 2015",3283.77,3326.24,3281.3,3317.33,3317.33,270177600
"Jun 29, 2015",3277.9,3290.63,3267.68,3280.18,3280.18,215454000
"Jun 26, 2015",3346.3,3353.59,3320.06,3320.9,3320.9,190576300
"Jun 25, 2015",3346.89,3358.24,3343.47,3349.87,3349.87,184843100
"Jun 24, 2015",3348.01,3361.04,3338.74,3351.33,3351.33,226753400
"Jun 23, 2015",3328.39,3343.83,3323.26,3339.78,3339.78,201304800
"Jun 22, 2015",3313.06,3330.59,3311.12,3315.13,3315.13,174052400
"Jun 19, 2015",3319.96,3320.21,3299.65,3300.96,3300.96,205394600
"Jun 18, 2015",3324.16,3326.05,3299.29,3300.42,3300.42,168344400
"Jun 17, 2015",3315.22,3346.02,3311.8,3325.91,3325.91,264453200
"Jun 16, 2015",3311.94,3311.94,3291.06,3298.09,3298.09,202882300
"Jun 15, 2015",3338.1,3343.84,3309.49,3323.13,3323.13,249030500
"Jun 12, 2015",3350.77,3358.46,3343.81,3353.85,3353.85,306971100
"Jun 11, 2015",3338.3,3358.77,3336.67,3347.67,3347.67,358061700
"Jun 10, 2015",3296.6,3337.13,3294.31,3325.77,3325.77,219022200
"Jun 09, 2015",3316.96,3330.32,3295.13,3295.13,3295.13,281943600
"Jun 08, 2015",3326.37,3333.99,3318.28,3320.33,3320.33,173852900
"Jun 05, 2015",3345.63,3349.01,3326.84,3333.67,3333.67,238785300
"Jun 04, 2015",3344.13,3361.59,3339.03,3345,3345,316871100
"Jun 03, 2015",3338.95,3354.46,3337.99,3349.84,3349.84,308428500
"Jun 02, 2015",3375.05,3375.05,3340.75,3340.75,3340.75,361792300
"May 29, 2015",3387.16,3403.66,3381.79,3392.11,3392.11,485028200
"May 28, 2015",3426.25,3430.23,3408.66,3417.77,3417.77,209454600
"May 27, 2015",3434.8,3438.19,3412.52,3424.94,3424.94,253931800
"May 26, 2015",3463.92,3467.1,3456.85,3459.98,3459.98,138860700
"May 25, 2015",3458.32,3465.07,3451.64,3460.85,3460.85,98517000
"May 22, 2015",3447.92,3457.42,3446.18,3450.18,3450.18,190331600
"May 21, 2015",3439.7,3447.89,3434.28,3439.86,3439.86,575014000
"May 20, 2015",3446.44,3450.67,3435.71,3439.68,3439.68,199372600
"May 19, 2015",3463.71,3465.15,3445.17,3454.04,3454.04,168350900
"May 18, 2015",3465.32,3467.23,3450.98,3459.57,3459.57,164058300
"May 15, 2015",3461.83,3466.18,3448.9,3463.1,3463.1,219477200
"May 14, 2015",3462.75,3464.81,3443.7,3455.78,3455.78,158908800
"May 13, 2015",3449.13,3459.95,3444.15,3453.17,3453.17,192688900
"May 12, 2015",3470.39,3473.49,3434.7,3442.33,3442.33,277739800
"May 11, 2015",3463.89,3473.33,3461.34,3470.8,3470.8,141323500
"May 08, 2015",3445.83,3459.71,3437.7,3452.01,3452.01,219748700
"May 07, 2015",3444.7,3445.85,3425.31,3432.78,3432.78,187907800
"May 06, 2015",3448.68,3467.22,3444.55,3459.79,3459.79,243313200
"May 05, 2015",3474.85,3478.37,3461.45,3471.19,3471.19,181375200
"May 04, 2015",3479.01,3490.74,3472.49,3482.7,3482.7,205257300
"Apr 30, 2015",3473.11,3487.39,3467.46,3487.39,3487.39,306753500
"Apr 29, 2015",3489.21,3496.53,3482.15,3487.15,3487.15,189749300
"Apr 28, 2015",3504.97,3514.71,3490.79,3495.09,3495.09,255741000
"Apr 27, 2015",3510.76,3521.99,3506.65,3515.85,3515.85,227165000
"Apr 24, 2015",3507.88,3523.08,3497.83,3513,3513,243211800
"Apr 23, 2015",3504.45,3516.5,3499.01,3502.75,3502.75,230909000
"Apr 22, 2015",3506.71,3508.5,3487.71,3496.24,3496.24,225253700
"Apr 21, 2015",3510.33,3517.14,3502.25,3508.61,3508.61,212545400
"Apr 20, 2015",3519.24,3525.84,3497.36,3503.25,3503.25,172607400
"Apr 17, 2015",3528.17,3536.58,3514.24,3525.19,3525.19,228500700
"Apr 16, 2015",3549.85,3549.85,3523.71,3531.61,3531.61,218220700
"Apr 15, 2015",3532.7,3544.51,3528.56,3539.95,3539.95,249271600
"Apr 14, 2015",3484.09,3526.29,3481.23,3521.08,3521.08,256481200
"Apr 13, 2015",3476.03,3493.62,3475.14,3484.39,3484.39,239569700
"Apr 10, 2015",3470.75,3480.84,3463.97,3472.38,3472.38,309536900
"Apr 09, 2015",3472.63,3476.27,3450.26,3460.3,3460.3,330340700
"Apr 08, 2015",3470.03,3470.3,3453.25,3460.68,3460.68,205160300
"Apr 07, 2015",3469.38,3476.2,3459.94,3465.62,3465.62,202521500
"Apr 06, 2015",3451.73,3458.18,3451.21,3452.91,3452.91,139173300
"Apr 02, 2015",3446.6,3454.8,3444.8,3453.75,3453.75,179581400
"Apr 01, 2015",3439.76,3450.54,3435.59,3447.02,3447.02,213578700
"Mar 31, 2015",3469.02,3469.02,3442.44,3447.01,3447.01,291509500
"Mar 30, 2015",3441.94,3458.71,3440.3,3454.26,3454.26,189397400
"Mar 27, 2015",3436.12,3453.6,3434.13,3450.1,3450.1,282530900
"Mar 26, 2015",3412.15,3439.15,3406.75,3431.59,3431.59,202916900
"Mar 25, 2015",3413.72,3422.72,3404.63,3419.02,3419.02,162171500
"Mar 24, 2015",3411.28,3421.61,3408.4,3413.26,3413.26,196530400
"Mar 23, 2015",3413.65,3430.32,3409.42,3410.13,3410.13,204740900
"Mar 20, 2015",3385.09,3417.45,3376.62,3412.44,3412.44,357587100
"Mar 19, 2015",3375.83,3386.16,3371.76,3386.16,3386.16,265958600
"Mar 18, 2015",3357.97,3373.57,3356.66,3361.75,3361.75,231646600
"Mar 17, 2015",3392.29,3397.93,3366.57,3369.95,3369.95,277458600
"Mar 16, 2015",3361.38,3387.36,3358.03,3376.04,3376.04,166443900
"Mar 13, 2015",3369.18,3381.46,3362.16,3362.77,3362.77,168353200
"Mar 12, 2015",3371.63,3380.41,3357.11,3373.6,3373.6,191497600
"Mar 11, 2015",3380.67,3391.82,3369.42,3378.59,3378.59,295329600
"Mar 10, 2015",3407.42,3416.39,3394.52,3398.26,3398.26,270519100
"Mar 09, 2015",3395.36,3408.42,3384.07,3404.57,3404.57,290627600
"Mar 06, 2015",3410.31,3423.76,3406.38,3417.51,3417.51,262876400
"Mar 05, 2015",3411.37,3422.03,3395.27,3395.27,3395.27,217249100
"Mar 04, 2015",3420.82,3430.19,3415.43,3415.53,3415.53,243829800
"Mar 03, 2015",3416.56,3430.81,3415.7,3422.11,3422.11,359969200
"Mar 02, 2015",3408.88,3412.08,3389.73,3403.89,3403.89,298871800
"Feb 27, 2015",3420.82,3428.75,3402.86,3402.86,3402.86,370956200
"Feb 26, 2015",3439.24,3439.29,3417.47,3426.18,3426.18,240089600
"Feb 25, 2015",3444.77,3455.32,3437.55,3440.83,3440.83,398883500
"Feb 24, 2015",3427.56,3437.61,3415.91,3437.61,3437.61,280610000
"Feb 23, 2015",3456.21,3458.14,3421.3,3421.3,3421.3,299628700
"Feb 18, 2015",3428.71,3443.05,3425.89,3435.66,3435.66,164499800
"Feb 17, 2015",3418.4,3420.16,3409.03,3415.91,3415.91,203737200
"Feb 16, 2015",3417.67,3427.16,3406.13,3427.16,3427.16,221026600
"Feb 13, 2015",3424.62,3429.47,3413.56,3426.22,3426.22,262214100
"Feb 12, 2015",3443.47,3443.88,3409.38,3419.17,3419.17,213820600
"Feb 11, 2015",3439.49,3448.96,3431.08,3444.57,3444.57,177702400
"Feb 10, 2015",3417.47,3434.79,3417.45,3434.24,3434.24,237465800
"Feb 09, 2015",3425.73,3434.48,3416.26,3418.02,3418.02,281846000
"Feb 06, 2015",3411.48,3441.66,3407.95,3431.36,3431.36,303018400
"Feb 05, 2015",3414.91,3415.14,3394.95,3406.58,3406.58,228776700
"Feb 04, 2015",3420.28,3432.1,3413.03,3417.57,3417.57,243669400
"Feb 03, 2015",3421.83,3422.18,3401.03,3408.02,3408.02,202114400
"Feb 02, 2015",3398.51,3423.35,3394.54,3423.35,3423.35,245686700
"Jan 30, 2015",3422.18,3432.62,3391.2,3391.2,3391.2,345236900
"Jan 29, 2015",3402.37,3428.39,3402.18,3419.05,3419.05,210293200
"Jan 28, 2015",3405.07,3427.19,3404.17,3419.15,3419.15,252717600
"Jan 27, 2015",3414.48,3428.49,3406.89,3412.2,3412.2,279421000
"Jan 26, 2015",3409.36,3409.75,3393.24,3398.52,3398.52,264258600
"Jan 23, 2015",3390.46,3419.3,3388.33,3411.5,3411.5,347330100
"Jan 22, 2015",3352.2,3377.34,3349.11,3370.29,3370.29,314391900
