month,level_1,value
1997-01,Value Of Food & Beverage Sales  - Estimated,289
1997-02,Value Of Food & Beverage Sales  - Estimated,285
1997-03,Value Of Food & Beverage Sales  - Estimated,307
1997-04,Value Of Food & Beverage Sales  - Estimated,280
1997-05,Value Of Food & Beverage Sales  - Estimated,294
1997-06,Value Of Food & Beverage Sales  - Estimated,300
1997-07,Value Of Food & Beverage Sales  - Estimated,288
1997-08,Value Of Food & Beverage Sales  - Estimated,289
1997-09,Value Of Food & Beverage Sales  - Estimated,299
1997-10,Value Of Food & Beverage Sales  - Estimated,293
1997-11,Value Of Food & Beverage Sales  - Estimated,300
1997-12,Value Of Food & Beverage Sales  - Estimated,327
1998-01,Value Of Food & Beverage Sales  - Estimated,290
1998-02,Value Of Food & Beverage Sales  - Estimated,271
1998-03,Value Of Food & Beverage Sales  - Estimated,279
1998-04,Value Of Food & Beverage Sales  - Estimated,258
1998-05,Value Of Food & Beverage Sales  - Estimated,281
1998-06,Value Of Food & Beverage Sales  - Estimated,258
1998-07,Value Of Food & Beverage Sales  - Estimated,256
1998-08,Value Of Food & Beverage Sales  - Estimated,260
1998-09,Value Of Food & Beverage Sales  - Estimated,251
1998-10,Value Of Food & Beverage Sales  - Estimated,268
1998-11,Value Of Food & Beverage Sales  - Estimated,267
1998-12,Value Of Food & Beverage Sales  - Estimated,290
1999-01,Value Of Food & Beverage Sales  - Estimated,256
1999-02,Value Of Food & Beverage Sales  - Estimated,239
1999-03,Value Of Food & Beverage Sales  - Estimated,269
1999-04,Value Of Food & Beverage Sales  - Estimated,251
1999-05,Value Of Food & Beverage Sales  - Estimated,271
1999-06,Value Of Food & Beverage Sales  - Estimated,269
1999-07,Value Of Food & Beverage Sales  - Estimated,256
1999-08,Value Of Food & Beverage Sales  - Estimated,250
1999-09,Value Of Food & Beverage Sales  - Estimated,264
1999-10,Value Of Food & Beverage Sales  - Estimated,273
1999-11,Value Of Food & Beverage Sales  - Estimated,278
1999-12,Value Of Food & Beverage Sales  - Estimated,296
2000-01,Value Of Food & Beverage Sales  - Estimated,271
2000-02,Value Of Food & Beverage Sales  - Estimated,265
2000-03,Value Of Food & Beverage Sales  - Estimated,276
2000-04,Value Of Food & Beverage Sales  - Estimated,264
2000-05,Value Of Food & Beverage Sales  - Estimated,282
2000-06,Value Of Food & Beverage Sales  - Estimated,274
2000-07,Value Of Food & Beverage Sales  - Estimated,277
2000-08,Value Of Food & Beverage Sales  - Estimated,277
2000-09,Value Of Food & Beverage Sales  - Estimated,305
2000-10,Value Of Food & Beverage Sales  - Estimated,297
2000-11,Value Of Food & Beverage Sales  - Estimated,311
2000-12,Value Of Food & Beverage Sales  - Estimated,343
2001-01,Value Of Food & Beverage Sales  - Estimated,313
2001-02,Value Of Food & Beverage Sales  - Estimated,294
2001-03,Value Of Food & Beverage Sales  - Estimated,323
2001-04,Value Of Food & Beverage Sales  - Estimated,296
2001-05,Value Of Food & Beverage Sales  - Estimated,321
2001-06,Value Of Food & Beverage Sales  - Estimated,318
2001-07,Value Of Food & Beverage Sales  - Estimated,315
2001-08,Value Of Food & Beverage Sales  - Estimated,312
2001-09,Value Of Food & Beverage Sales  - Estimated,308
2001-10,Value Of Food & Beverage Sales  - Estimated,302
2001-11,Value Of Food & Beverage Sales  - Estimated,307
2001-12,Value Of Food & Beverage Sales  - Estimated,335
2002-01,Value Of Food & Beverage Sales  - Estimated,293
2002-02,Value Of Food & Beverage Sales  - Estimated,296
2002-03,Value Of Food & Beverage Sales  - Estimated,319
2002-04,Value Of Food & Beverage Sales  - Estimated,284
2002-05,Value Of Food & Beverage Sales  - Estimated,302
2002-06,Value Of Food & Beverage Sales  - Estimated,294
2002-07,Value Of Food & Beverage Sales  - Estimated,291
2002-08,Value Of Food & Beverage Sales  - Estimated,293
2002-09,Value Of Food & Beverage Sales  - Estimated,307
2002-10,Value Of Food & Beverage Sales  - Estimated,304
2002-11,Value Of Food & Beverage Sales  - Estimated,308
2002-12,Value Of Food & Beverage Sales  - Estimated,343
2003-01,Value Of Food & Beverage Sales  - Estimated,313
2003-02,Value Of Food & Beverage Sales  - Estimated,294
2003-03,Value Of Food & Beverage Sales  - Estimated,310
2003-04,Value Of Food & Beverage Sales  - Estimated,222
2003-05,Value Of Food & Beverage Sales  - Estimated,257
2003-06,Value Of Food & Beverage Sales  - Estimated,275
2003-07,Value Of Food & Beverage Sales  - Estimated,285
2003-08,Value Of Food & Beverage Sales  - Estimated,300
2003-09,Value Of Food & Beverage Sales  - Estimated,315
2003-10,Value Of Food & Beverage Sales  - Estimated,328
2003-11,Value Of Food & Beverage Sales  - Estimated,326
2003-12,Value Of Food & Beverage Sales  - Estimated,346
2004-01,Value Of Food & Beverage Sales  - Estimated,321
2004-02,Value Of Food & Beverage Sales  - Estimated,304
2004-03,Value Of Food & Beverage Sales  - Estimated,313
2004-04,Value Of Food & Beverage Sales  - Estimated,289
2004-05,Value Of Food & Beverage Sales  - Estimated,310
2004-06,Value Of Food & Beverage Sales  - Estimated,304
2004-07,Value Of Food & Beverage Sales  - Estimated,309
2004-08,Value Of Food & Beverage Sales  - Estimated,291
2004-09,Value Of Food & Beverage Sales  - Estimated,317
2004-10,Value Of Food & Beverage Sales  - Estimated,321
2004-11,Value Of Food & Beverage Sales  - Estimated,317
2004-12,Value Of Food & Beverage Sales  - Estimated,353
2005-01,Value Of Food & Beverage Sales  - Estimated,328
2005-02,Value Of Food & Beverage Sales  - Estimated,331
2005-03,Value Of Food & Beverage Sales  - Estimated,331
2005-04,Value Of Food & Beverage Sales  - Estimated,317
2005-05,Value Of Food & Beverage Sales  - Estimated,338
2005-06,Value Of Food & Beverage Sales  - Estimated,334
2005-07,Value Of Food & Beverage Sales  - Estimated,350
2005-08,Value Of Food & Beverage Sales  - Estimated,349
2005-09,Value Of Food & Beverage Sales  - Estimated,335
2005-10,Value Of Food & Beverage Sales  - Estimated,335
2005-11,Value Of Food & Beverage Sales  - Estimated,342
2005-12,Value Of Food & Beverage Sales  - Estimated,387
2006-01,Value Of Food & Beverage Sales  - Estimated,359
2006-02,Value Of Food & Beverage Sales  - Estimated,362
2006-03,Value Of Food & Beverage Sales  - Estimated,356
2006-04,Value Of Food & Beverage Sales  - Estimated,345
2006-05,Value Of Food & Beverage Sales  - Estimated,368
2006-06,Value Of Food & Beverage Sales  - Estimated,357
2006-07,Value Of Food & Beverage Sales  - Estimated,372
2006-08,Value Of Food & Beverage Sales  - Estimated,367
2006-09,Value Of Food & Beverage Sales  - Estimated,359
2006-10,Value Of Food & Beverage Sales  - Estimated,369
2006-11,Value Of Food & Beverage Sales  - Estimated,371
2006-12,Value Of Food & Beverage Sales  - Estimated,412
2007-01,Value Of Food & Beverage Sales  - Estimated,371
2007-02,Value Of Food & Beverage Sales  - Estimated,376
2007-03,Value Of Food & Beverage Sales  - Estimated,392
2007-04,Value Of Food & Beverage Sales  - Estimated,367
2007-05,Value Of Food & Beverage Sales  - Estimated,392
2007-06,Value Of Food & Beverage Sales  - Estimated,403
2007-07,Value Of Food & Beverage Sales  - Estimated,405
2007-08,Value Of Food & Beverage Sales  - Estimated,414
2007-09,Value Of Food & Beverage Sales  - Estimated,401
2007-10,Value Of Food & Beverage Sales  - Estimated,409
2007-11,Value Of Food & Beverage Sales  - Estimated,414
2007-12,Value Of Food & Beverage Sales  - Estimated,466
2008-01,Value Of Food & Beverage Sales  - Estimated,412
2008-02,Value Of Food & Beverage Sales  - Estimated,442
2008-03,Value Of Food & Beverage Sales  - Estimated,430
2008-04,Value Of Food & Beverage Sales  - Estimated,413
2008-05,Value Of Food & Beverage Sales  - Estimated,450
2008-06,Value Of Food & Beverage Sales  - Estimated,435
2008-07,Value Of Food & Beverage Sales  - Estimated,444
2008-08,Value Of Food & Beverage Sales  - Estimated,445
2008-09,Value Of Food & Beverage Sales  - Estimated,435
2008-10,Value Of Food & Beverage Sales  - Estimated,460
2008-11,Value Of Food & Beverage Sales  - Estimated,447
2008-12,Value Of Food & Beverage Sales  - Estimated,480
2009-01,Value Of Food & Beverage Sales  - Estimated,454
2009-02,Value Of Food & Beverage Sales  - Estimated,407
2009-03,Value Of Food & Beverage Sales  - Estimated,431
2009-04,Value Of Food & Beverage Sales  - Estimated,416
2009-05,Value Of Food & Beverage Sales  - Estimated,440
2009-06,Value Of Food & Beverage Sales  - Estimated,431
2009-07,Value Of Food & Beverage Sales  - Estimated,436
2009-08,Value Of Food & Beverage Sales  - Estimated,443
2009-09,Value Of Food & Beverage Sales  - Estimated,431
2009-10,Value Of Food & Beverage Sales  - Estimated,445
2009-11,Value Of Food & Beverage Sales  - Estimated,436
2009-12,Value Of Food & Beverage Sales  - Estimated,488
2010-01,Value Of Food & Beverage Sales  - Estimated,475
2010-02,Value Of Food & Beverage Sales  - Estimated,477
2010-03,Value Of Food & Beverage Sales  - Estimated,474
2010-04,Value Of Food & Beverage Sales  - Estimated,471
2010-05,Value Of Food & Beverage Sales  - Estimated,505
2010-06,Value Of Food & Beverage Sales  - Estimated,485
2010-07,Value Of Food & Beverage Sales  - Estimated,499
2010-08,Value Of Food & Beverage Sales  - Estimated,495
2010-09,Value Of Food & Beverage Sales  - Estimated,495
2010-10,Value Of Food & Beverage Sales  - Estimated,519
2010-11,Value Of Food & Beverage Sales  - Estimated,510
2010-12,Value Of Food & Beverage Sales  - Estimated,562
2011-01,Value Of Food & Beverage Sales  - Estimated,539
2011-02,Value Of Food & Beverage Sales  - Estimated,528
2011-03,Value Of Food & Beverage Sales  - Estimated,536
2011-04,Value Of Food & Beverage Sales  - Estimated,536
2011-05,Value Of Food & Beverage Sales  - Estimated,570
2011-06,Value Of Food & Beverage Sales  - Estimated,567
2011-07,Value Of Food & Beverage Sales  - Estimated,589
2011-08,Value Of Food & Beverage Sales  - Estimated,564
2011-09,Value Of Food & Beverage Sales  - Estimated,566
2011-10,Value Of Food & Beverage Sales  - Estimated,587
2011-11,Value Of Food & Beverage Sales  - Estimated,581
2011-12,Value Of Food & Beverage Sales  - Estimated,643
2012-01,Value Of Food & Beverage Sales  - Estimated,635
2012-02,Value Of Food & Beverage Sales  - Estimated,579
2012-03,Value Of Food & Beverage Sales  - Estimated,614
2012-04,Value Of Food & Beverage Sales  - Estimated,602
2012-05,Value Of Food & Beverage Sales  - Estimated,621
2012-06,Value Of Food & Beverage Sales  - Estimated,624
2012-07,Value Of Food & Beverage Sales  - Estimated,631
2012-08,Value Of Food & Beverage Sales  - Estimated,624
2012-09,Value Of Food & Beverage Sales  - Estimated,616
2012-10,Value Of Food & Beverage Sales  - Estimated,629
2012-11,Value Of Food & Beverage Sales  - Estimated,626
2012-12,Value Of Food & Beverage Sales  - Estimated,681
2013-01,Value Of Food & Beverage Sales  - Estimated,639
2013-02,Value Of Food & Beverage Sales  - Estimated,645
2013-03,Value Of Food & Beverage Sales  - Estimated,671
2013-04,Value Of Food & Beverage Sales  - Estimated,643
2013-05,Value Of Food & Beverage Sales  - Estimated,672
2013-06,Value Of Food & Beverage Sales  - Estimated,683
2013-07,Value Of Food & Beverage Sales  - Estimated,677
2013-08,Value Of Food & Beverage Sales  - Estimated,676
2013-09,Value Of Food & Beverage Sales  - Estimated,667
2013-10,Value Of Food & Beverage Sales  - Estimated,679
2013-11,Value Of Food & Beverage Sales  - Estimated,674
2013-12,Value Of Food & Beverage Sales  - Estimated,730
2014-01,Value Of Food & Beverage Sales  - Estimated,724
2014-02,Value Of Food & Beverage Sales  - Estimated,671
2014-03,Value Of Food & Beverage Sales  - Estimated,691
2014-04,Value Of Food & Beverage Sales  - Estimated,664
2014-05,Value Of Food & Beverage Sales  - Estimated,712
2014-06,Value Of Food & Beverage Sales  - Estimated,689
2014-07,Value Of Food & Beverage Sales  - Estimated,691
2014-08,Value Of Food & Beverage Sales  - Estimated,734
2014-09,Value Of Food & Beverage Sales  - Estimated,694
2014-10,Value Of Food & Beverage Sales  - Estimated,727
2014-11,Value Of Food & Beverage Sales  - Estimated,706
2014-12,Value Of Food & Beverage Sales  - Estimated,763
2015-01,Value Of Food & Beverage Sales  - Estimated,710
2015-02,Value Of Food & Beverage Sales  - Estimated,712
2015-03,Value Of Food & Beverage Sales  - Estimated,704
2015-04,Value Of Food & Beverage Sales  - Estimated,670
2015-05,Value Of Food & Beverage Sales  - Estimated,711
2015-06,Value Of Food & Beverage Sales  - Estimated,671
2015-07,Value Of Food & Beverage Sales  - Estimated,701
2015-08,Value Of Food & Beverage Sales  - Estimated,722
2015-09,Value Of Food & Beverage Sales  - Estimated,691
2015-10,Value Of Food & Beverage Sales  - Estimated,712
2015-11,Value Of Food & Beverage Sales  - Estimated,686
2015-12,Value Of Food & Beverage Sales  - Estimated,727
2016-01,Value Of Food & Beverage Sales  - Estimated,713
2016-02,Value Of Food & Beverage Sales  - Estimated,710
2016-03,Value Of Food & Beverage Sales  - Estimated,698
2016-04,Value Of Food & Beverage Sales  - Estimated,683
2016-05,Value Of Food & Beverage Sales  - Estimated,715
2016-06,Value Of Food & Beverage Sales  - Estimated,673
2016-07,Value Of Food & Beverage Sales  - Estimated,727
2016-08,Value Of Food & Beverage Sales  - Estimated,703
2016-09,Value Of Food & Beverage Sales  - Estimated,714
2016-10,Value Of Food & Beverage Sales  - Estimated,717
2016-11,Value Of Food & Beverage Sales  - Estimated,678
2016-12,Value Of Food & Beverage Sales  - Estimated,726
2017-01,Value Of Food & Beverage Sales  - Estimated,737
2017-02,Value Of Food & Beverage Sales  - Estimated,659
2017-03,Value Of Food & Beverage Sales  - Estimated,666
2017-04,Value Of Food & Beverage Sales  - Estimated,664
2017-05,Value Of Food & Beverage Sales  - Estimated,689
2017-06,Value Of Food & Beverage Sales  - Estimated,678
2017-07,Value Of Food & Beverage Sales  - Estimated,723
2017-08,Value Of Food & Beverage Sales  - Estimated,728
2017-09,Value Of Food & Beverage Sales  - Estimated,712